page_index,language_code,id,text,reasoning
17,es,img-17-1,"Dibujo de una mujer con boina roja y gafas, sonriendo.","The page provides context about identifying colors and includes a cartoon character, likely a teacher or guide for the activity."
25,en,img-25-1,Cartoon figure of a smiling person in a blue hoodie and jeans.,"The cartoon figure depicted in the image is part of the page's context, which discusses parts of a house, likely representing someone learning about these concepts."
25,es,img-25-1,Ilustración de un personaje de dibujos animados con sudadera azul y pantalones vaqueros.,"The image is a cartoon character, which is part of the section where Emma is learning about the different parts of a house."
24,es,img-24-1,"Ilustración de un personaje sonriente con gafas, identificado como Nico.","The image is a cartoon-style illustration of a person. The context suggests it represents someone named Nico, part of a textbook exercise or activity related to finding house parts."
24,en,img-24-1,An illustrated character with short hair and glasses smiling.,"Given the context of a textbook page discussing different types of houses and an activity for students, this image likely depicts a character or avatar meant to represent a person who might be interacting with the reader or involved in the activities."
21,en,img-21-1,"Outline of a head labeled with a description: ""This is Caroline. She has big blue eyes, a small nose and a big mouth.""",The image displays a simple outline of a human head with a text description below. The text provides specific details about Caroline.
21,es,img-21-3,"Su cabello es rubio, largo y lacio.",The sentence in the image describes a person's hair. The relevant context from the textbook page supports this description as belonging to a character named Caroline.
21,es,img-21-1,"Este es un esquema de una cabeza etiquetado como Caroline, con ojos grandes y azules, una nariz pequeña y una boca grande.","The textual description provided below the outline helps in constructing the caption in Spanish. This matches with the descriptors in the context image, which describe Caroline."
17,en,img-17-1,"A cartoon character wearing a red beret, glasses, a green jacket, and a red skirt.","The image shows a cartoon character which was likely used as a teaching aid in the textbook about colors. The character has distinctive attire, including glasses and a beret."
16,es,img-16-1,Una persona metiendo la mano en una bolsa de plástico negra para adivinar un objeto.,"The main context involves a game where participants guess objects in a bag, using touch. The image shows a hand reaching into a bag, aligning with the described activity."
21,en,img-21-2,"Outline of a person's head with the description: ""This is Michael. He has small green eyes, a big nose and a small mouth. His hair is brown, short and curly.""","The image shows a simple outline of a person's head, accompanied by a text description identifying the person as Michael with specific features. My task is to provide this text accurately as a caption."
14,en,img-14-2,A birthday cake with candles.,The image is commonly associated with birthdays and is used illustratively in the textbook page to denote someone's age or birthday celebration.
21,es,img-21-2,"Este es Michael. Tiene ojos verdes pequeños, una nariz grande y una boca pequeña. Su cabello es marrón, corto y rizado.","The image depicts a simple line drawing of a head along with descriptive text about a person named Michael. The image part is a visual placeholder, and the descriptive text needs to be translated to Spanish as part of the caption."
14,en,img-14-1,Illustration of a school building.,"The image depicts a small illustration of a school building. The context involves a section of the textbook page focusing on personal details and schooling, so the icon represents a school in this context."
14,es,img-14-1,Un dibujo de una escuela roja con un letrero que dice 'SCHOOL'.,"The image is a small cartoon illustration of a school building, which corresponds to the context of filling in information about attending school."
16,en,img-16-1,A person reaching into a bag as part of a guessing game.,"The image is part of a guessing game activity. It shows a person reaching into a bag, which aligns with the game's instructions about touching and describing objects in a bag."
14,en,img-14-3,Illustration of a house with a red exterior and an orange roof.,"The image appears to be an icon or simple illustration of a house, often used in educational or basic informational contexts. This conclusion is based on the surrounding exercise information that asks about personal details like living location."
14,es,img-14-5,"Ilustración de una comida con jugo, sándwich y una manzana.","The image is a drawing showing a meal, including a carton of juice, a sandwich, and an apple. It represents food, matching the part of the worksheet about favorite foods."
14,es,img-14-3,Icono de una casa roja con un techo naranja.,"This is an icon of a house, as it corresponds to the text about living in a place. The image on the worksheet is meant to represent a home or place of residence."
17,es,img-17-2,"Una paleta con nombres de colores en inglés, como rojo, amarillo, azul y más.","The image shows a palette diagram with various color names such as red, yellow, blue, etc. This is likely used to help students learn color names as indicated by the English text instructions from the context image."
14,en,img-14-4,Illustration of two smiling parents.,"The context from the page is about introducing oneself, and this specific image is used in the section where students might fill in details about their parents."
19,es,img-19-1,Dibujo de una persona con sudadera azul sonriendo y levantando el pulgar.,"The image is part of a page encouraging expressions of feelings. It shows a character giving a thumbs-up, indicating positivity and agreement."
19,es,img-19-4,"Caricatura de un personaje con gafas y sonrisa, parte de una cadena de sentimientos positivos.","The image features one of the characters from the textbook page, showing a cartoon drawing of a person with glasses and a smile. This fits into the context of discussing feelings and greeting."
13,es,img-13-1,"Ilustración de una persona saludando, representando al personaje Nico.","The character introduced in the contextual image is described as Nico, who is introducing himself. This information helps in providing an informative caption."
19,en,img-19-3,"A smiling cartoon character wearing a blue cap with a rainbow, a blue jacket, and pink pants.",The image shows an animated character which matches the theme of expressing emotions from the textbook page. This context involves feelings and encourages positive interactions.
19,en,img-19-1,A cartoon character with black hair giving a thumbs up and smiling.,"The image context shows cartoon characters in a dialogue about feeling good. This specific image is a character giving a thumbs up, likely part of the 'feel good chain' activity."
19,en,img-19-2,"An animated character with glasses and a red beret, smiling with hands on hips.","The contextual image suggests a focus on interacting characters as part of a 'feeling good' dialogue. The requested image shows an animated character in a confident pose, which should be described simply and clearly for accessibility purposes."
14,en,img-14-5,"Illustration of a meal including a sandwich, an apple, and a juice box.","The image displays a plate with various food items, which includes a sandwich, an apple, and a juice box. It is clearly illustrative of a meal or packed lunch, aligning with the context of discussing favorite foods."
19,es,img-19-5,"Círculo rojo con palabras que describen emociones: enojado, genial, cansado, amado, hambriento, triste, feliz, somnoliento.","The image is a red circle with facial expressions representing different emotions, commonly used for self-assessment or classroom activities."
14,es,img-14-4,"Ilustración de dos padres sonriendo, representando a una pareja.","The image corresponds to the section that talks about 'My parents are' in the context image. It's a simple illustration representing a pair of parents, fitting this context."
19,en,img-19-4,A character with glasses and a cheerful expression wearing a turquoise hoodie.,"The image context from the textbook suggests a focus on feelings and interactions, so the character's expression and attire might be linked to that theme. From the image alone, the person is wearing glasses, has a cheerful expression, and is dressed in casual clothes."
12,es,img-12-1,"Una niña con cabello corto negro, sudadera azul y jeans.",The image shows a cartoon character of a girl with short black hair wearing a blue hoodie and jeans. This corresponds to Emma in the context provided.
19,es,img-19-3,Un personaje animado sonriente y alegre con ropa colorida.,"The image shows a cartoon character which is explained in the context image as part of a 'feel good chain' activity, indicating positive emotions or feelings."
14,es,img-14-2,Un pastel de cumpleaños con velas.,"The image depicts a cake with candles, which is commonly associated with birthdays. This fits the context of the textbook page focusing on personal information like age."
21,en,img-21-3,"Description of a girl's hair as blonde, long, and straight.",The text describes a person's hair characteristics. The task requires providing an English caption based on this specific detail.
23,es,img-23-4,Dibujo de una casa suburbana con jardín y cercas.,"The image shows a cartoon-style illustration of a suburban house, as indicated by its design and surroundings. This is the focus labeled as A on the textbook page."
12,en,img-12-5,"Cartoon character with black hair, glasses, wearing a teal hoodie and jeans, posing confidently.","Based on the context, this character is likely one of the students involved in the classroom activity described in the page. The image depicts a cartoon-style character wearing glasses, a teal hoodie, and jeans. This fits the interactive theme of the lesson."
23,es,img-23-3,"Una caricatura de una persona con cabello negro y corto, sonriendo.","The image is a cartoon representation of a character with black hair. Based on the context of the textbook page, which is about houses, I will describe it as a drawing without assuming any identity."
12,en,img-12-1,An illustration of a girl named Emma wearing a blue hoodie and jeans.,The context includes the character Emma who is inquiring about a name. This character matches Emma's description as given in the context image.
13,en,img-13-1,Cartoon avatar of a person waving and smiling.,"The image is a cartoon avatar, likely related to the context about introducing oneself, as seen in the text."
19,es,img-19-2,"Dibujo de un personaje con sombrero, gafas y ropa colorida sonriendo.","The context focuses on conversation prompts about how one feels, and this character is presented as a part of these interactions, likely representing one of the characters in the feel-good chain."
12,es,img-12-4,"Personaje animado con gorra azul y arcoíris, chaqueta azul y pantalones rosas.",I will provide a descriptive caption based on the appearance in the image. The context indicates it's part of a dialogue activity involving self-introduction and preferences.
12,en,img-12-4,"Cartoon image of a girl with long hair, wearing a blue cap, blue jacket, and pink pants, smiling.","The image is a cartoon-style graphic of a girl wearing a blue cap and jacket with pink pants. This corresponds with the style of images from the textbook page, where different characters are depicted asking questions."
18,en,img-18-3,"Cartoon characters in a classroom saying 'Can I write the date?', 'Can you write the date, please?', 'Can you come to the board, please?', 'Have you finished?', and 'Yes, I have finished.'","The image contains cartoon characters in a classroom setting with speech bubbles, showing typical classroom communication phrases. The caption should reflect these elements."
12,en,img-12-3,Attendance chart showing students' presence and absence.,The image depicts a classroom attendance chart with names and checkmarks under 'P' (present) or 'A' (absent). This matches the classroom theme on the textbook page.
12,es,img-12-2,"Ilustración de un personaje con boina roja, gafas y vestimenta formal, sonriendo.","The image shows an illustrated character, possibly a teacher, given the style and context from the page."
23,es,img-23-5,Ilustración colorida de varios edificios altos.,"The image is a colorful illustration of several tall buildings, which is marked as option C in the context provided. The textbook exercise relates to identifying different types of houses and buildings."
23,en,img-23-2,Illustrated character wearing a cap and smiling.,"The context provided shows a page discussing different types of houses with illustrations of characters. The image seems to be of one of these illustrated characters, likely used to engage younger readers."
19,en,img-19-5,"A smiling face with words: angry, great, tired, loved, sad, happy, hungry, sleepy.",The image shows a red circle with a smiling face and words representing different emotions arranged around it. These words likely represent different possible feelings that can be selected or discussed in the textbook activity.
23,en,img-23-7,A simple house with a yellow roof and two windows.,"Based on the contextual image, this image corresponds to a simple cottage or small house illustration, which fits the theme of different types of houses discussed in the textbook page."
23,en,img-23-8,Illustration of two adjacent townhouses with pointed roofs and large windows.,"The image shows two houses with pointed roofs and large windows, corresponding to typical suburban architecture seen in section E on the textbook page."
23,es,img-23-7,Una casa con techo amarillo y paredes blancas sobre un césped verde.,The image is part of a larger context regarding different types of houses. The particular illustration shows a house with distinguishable features such as a yellow roof.
23,en,img-23-6,A tall red apartment building with multiple stories and yellow windows.,"The image shows a tall, multi-story building. Based on the context of different types of houses, this image represents an apartment building."
12,es,img-12-5,Dibujo de un chico joven con gafas y chaqueta azul.,"The cartoon character from the image is part of an activity in the textbook, focusing on asking personal questions like age. The character is a young boy."
18,en,img-18-1,"Cartoon characters with speech bubbles: ""Can you wait a minute, please?"", ""Copy, please."", ""Pay attention, please."", ""Listen to me, please.""",The image shows cartoon characters with speech bubbles containing different classroom commands or requests. These phrases are typical in an educational context and align with the theme of 'More classroom language' from the larger context image.
12,en,img-12-2,"Cartoon character of a teacher with a red beret and glasses, wearing a green blazer and red skirt.","The image shows a cartoon character which appears to be a teacher, based on the context given with dialogue involving checking attendance. The character is wearing a red beret, glasses, a green blazer, a yellow shirt, and a red skirt, giving a teacher-like appearance."
23,en,img-23-5,Colorful townhouses with varied designs and vibrant facades.,"The context is about different types of houses in a neighborhood. The image shows a colorful row of buildings that look like townhouses or apartments, consistent with the theme."
11,en,img-11-3,Two cartoon characters waving in front of a school building.,"The image shows two cartoon characters in front of a school building, related to the theme of school and introductions indicated by the context of the textbook page."
11,en,img-11-1,"Cartoon character in a blue hoodie, jeans, and green sneakers smiling.","The context suggests a classroom or school-related scenario with introductions and greetings, emphasizing human interaction. The image features a cartoon character in casual attire suitable for a school setting."
23,es,img-23-6,"Un edificio de apartamentos de varios pisos, caracterizado por su fachada roja y ventanas amarillas.","Based on the context, this image is likely related to a lesson about different types of housing. The building appears to be a multi-story apartment or condominium, which is a common urban dwelling type."
11,es,img-11-2,"Personaje de dibujos animados con gorra con un arcoíris, chaqueta azul y pantalones rosas.","The image features a cartoon character wearing colorful casual clothes with a rainbow on the cap. Based on the context of the textbook page about introductions and greetings, this could be part of a conversational activity."
23,es,img-23-8,Casas adosadas con fachadas de colores distintos.,The image features terraced houses with distinct architectural styles. They are part of a textbook page discussing various types of homes. The caption should describe this specific style to fit within the exercise context.
17,en,img-17-2,"Drawing of a color palette with labels for various colors such as red, blue, and green.",The image is a drawing of a color palette with various colors labeled. It fits within the context as it's about identifying and matching colors.
10,en,img-10-2,Illustration of a smiling cartoon character wearing glasses.,"The image shows an illustrated person, which is relevant to the dialogue and communication theme of the page."
10,es,img-10-2,"Avatar de un personaje sonriendo, con gafas, frente a un fondo blanco.","The context indicates this is a textbook page focusing on basic English communication, featuring questions and dialogue activities. The avatar appears to represent a character or participant in this educational content."
10,en,img-10-1,Cartoon character with a cap smiling.,The context suggests this image is part of a language learning exercise focused on communication and matching questions with answers. The character seems to be one of the individuals introduced to help with this task.
15,en,img-15-2,"Illustration of a smiling cartoon character wearing a cap, jacket, and pink pants, striking a welcoming pose.","The image context indicates a classroom setting with instructions for writing a report and introducing a classmate. The illustration appears to be a cartoon character, likely linked to the classroom activities section."
12,es,img-12-3,Lista de asistencia con marcas para presencia y ausencia de estudiantes.,"This image shows a table indicating the presence ('P') and absence ('A') of students based on the context of a classroom activity. Relevant names match those found within the contextual page, supporting a classroom setting theme."
10,es,img-10-4,Dibujo de una figura animada sonriendo y levantando los pulgares.,"The image features an illustrated character with a positive expression, giving a thumbs up sign. This image is likely part of an educational material aimed at engaging students."
11,es,img-11-3,"Dos personajes animados frente a un edificio escolar, uno llevando una pila de libros y el otro saludando con la mano.","The image shows animated characters in front of a school building, which fits with the context of starting a new school year."
23,en,img-23-3,Illustration of a smiling person with short black hair and a white shirt.,"Based on the context of 'My house, my home,' this is likely an educational character or avatar intended to represent one of the characters described on the page. It's illustrative, likely used as a visual aid for the lesson."
23,es,img-23-1,"Ilustración de un personaje sonriente con gafas, saludando con la mano levantada.","Based on the context of the textbook page, the image appears to be an illustration of a character likely used for educational purposes. The character is waving and seems to be friendly and approachable, fitting the context of a learning environment."
10,es,img-10-1,"Ilustración de un personaje amigable con gorra y sonrisa, utilizada en actividades de comunicación.","Based on the context of the page, this is an illustration of a character that looks friendly and educational, possibly used to engage students in dialogue activities."
23,es,img-23-2,"Dibujo de un personaje con gorra y chaqueta sonriente, representando a un vecino en una actividad escolar sobre tipos de casas.","The image is part of a textbook page discussing different types of houses, indicated by the images and descriptions, including avatars representing different characters."
15,en,img-15-1,Cartoon character of a smiling girl wearing a cap.,"The image is a cartoon character visible in the contextual image, fitting the theme of introducing classmates, possibly representing a student character."
27,en,img-27-1,A glass table with a white candle and a vase of yellow flowers in a sitting room.,"The image shows a sitting room scene with decorative elements, in accordance with the context of a home environment described in the textbook page."
15,en,img-15-4,"A classroom setting with desks and chairs, featuring a ruler, a pencil, a glue stick, a notebook, a book, and a backpack.",The classroom has various objects placed on and around the desks. This image seems to be used to spot differences in an educational setting.
15,en,img-15-3,"A classroom with wooden desks, featuring a pink backpack, a book, and stationery items placed on the tables.","The image shows a classroom with desks and various school supplies like a backpack, book, and stationery on the tables, as described in the context."
11,es,img-11-1,Ilustración de un personaje con cabello negro corto y sudadera azul sonriendo.,"The context suggests this is an illustration of a character used throughout the textbook. This character is involved in conversational activities, likely meant to guide language learning for students. I should describe the appearance of the character."
18,es,img-18-3,"Personajes animados en un aula con frases como: ""¿Puedo escribir la fecha?"", ""¿Puedes escribir la fecha, por favor?"", ""¿Puedes venir al tablero, por favor?"", ""¿Has terminado?"", ""Sí, he terminado.""",The image features cartoon characters in a classroom setting with speech bubbles showing typical classroom phrases in English. The task is to provide a caption that describes this scene in Spanish.
11,en,img-11-4,"Cartoon students in a classroom introducing themselves with speech bubbles saying 'Hello! My name is Ana,' 'Hi! I'm Lua,' 'Hi! I'm Emma,' 'I'm Nico,' 'What's up?' and 'How do you do?'.",The image features cartoon characters introducing themselves with speech bubbles. The context suggests a classroom setting and a theme on greetings.
27,es,img-27-2,"Una ilustración de un personaje animado sonriendo, con las manos en las caderas, usando una chaqueta azul y pantalones azules.","The image is a cartoon character connected to the personal narrative in the textbook, symbolizing a child describing their bedroom."
18,es,img-18-1,"Dibujos de personajes en un aula con frases: ""¿Puedes esperar un minuto, por favor?"", ""Presta atención, por favor"", ""Copia, por favor"", y ""Escúchame, por favor"".",The image includes cartoon characters with speech bubbles containing phrases used in a classroom setting. The captions should be in Spanish to reflect the communication among these characters in the given context.
15,es,img-15-3,"Un salón de clases con escritorios y suministros escolares como mochila, borrador, libro y regla en las mesas.","The image shows a classroom setting with desks and various school supplies like a backpack, an eraser, a book, a ruler, a triangle, and a highlighter, as mentioned in the contextual page."
10,en,img-10-3,"A cartoon character with short black hair, smiling.","Based on the context of language learning and matching questions, the image is likely a representation of a character related to the activity. The image shows a cartoon character with black hair, which might be part of a language exercise in the textbook."
10,en,img-10-4,"A cartoon character giving a thumbs-up, wearing a blue hoodie and jeans.","The character is depicted in an encouraging pose, which fits with the context of the page focused on communication and positive reinforcement in a language learning setting."
27,en,img-27-3,Shelves with books and miscellaneous items.,"The image contains shelves with various items. In the context of the textbook page, it relates to objects found in a bedroom."
23,en,img-23-1,"An illustrated avatar character with glasses waving, wearing a white shirt.","The image depicts an illustrated avatar character with short hair, glasses, and a white shirt, waving. This details the visual appearance appropriately."
10,es,img-10-3,Caricatura de una mujer con cabello negro y una camisa blanca.,"The image is a cartoon-style avatar extracted from the larger educational context, showing a female character with black hair. No further context about identity or function is available without assumptions."
15,es,img-15-4,"Aula de clase con sillas y mesas, donde se ven una mochila, un libro, un lápiz, y pegamento.","The image depicts a classroom setting with various school items visible like a backpack, book, glue, and a pencil. The context provided suggests this is a typical classroom environment."
11,en,img-11-2,"Cartoon character with a blue cap, rainbow design, blue jacket, and pink pants.","The image is a cartoon avatar of a person wearing a blue cap with a rainbow design, a blue and red jacket, a white shirt, and pink pants. This interpretation is based on the colorful and casual attire often seen in educational illustrations."
15,es,img-15-1,"Ilustración de un personaje amigable con gorra, sonriendo.","The image features a cartoon character, likely part of the educational theme of the textbook concerning introducing classmates and observations about the classroom. This character is likely to be used as a friendly and relatable figure to engage students."
27,en,img-27-5,"A bedroom with a bed, a blue carpet, and a side table.","The page is about a bedroom setting with various objects listed. The image depicts part of a bedroom, which fits the context provided by the page."
11,es,img-11-4,"Grupo de avatares en un aula presentándose con saludos como ""Hello! My name is Ana"", ""Hi! I'm Lua"", ""Hi! I'm Emma"", y ""I'm Nico"".",The image shows a classroom setting with digital avatars introducing themselves with speech bubbles. Context from the page suggests a focus on greetings on the first day of class.
27,en,img-27-4,A wooden wardrobe with an open door showing clothes inside.,"In the image, I see a wooden wardrobe with one door slightly open, revealing clothes inside. This context fits with the theme of bedroom objects in the textbook page."
27,es,img-27-4,Un armario de madera abierto mostrando ropa en su interior.,"The image shows a wardrobe or closet, which fits with the context of 'My bedroom is my world' and is labeled as item 'D' on the textbook page. The primary function of the wardrobe is storage in a bedroom setting."
27,es,img-27-3,Estantería con adornos y objetos personales.,"The image depicts a set of shelves with various items. The context provided refers to a bedroom, so the items are likely personal belongings or decorations."
27,es,img-27-1,Una vela blanca y flores amarillas sobre una mesa de vidrio en la sala de estar.,"The image features common elements found in a sitting room or living area, which matches the theme of 'My bedroom is my world' from the context, emphasizing personalization. The presence of decor items such as the candle and flowers suggests a focus on comfort and aesthetics."
27,es,img-27-6,Una mesita de noche con una lámpara encima.,"The image context from the page indicates a focus on bedroom furniture and objects, matching with others labeled around a soft-themed poem about personal spaces."
27,en,img-27-6,"A wooden nightstand with a lamp on top, used in a bedroom.","Looking at the aspect and context of the image, it shows a piece of furniture which is described as part of a bedroom setup in the context of the page. The image seems to display a nightstand with a lamp on top."
27,en,img-27-7,A recycling bin filled with crumpled paper.,"The image shows a container commonly used for recycling purposes, which is consistent with its placement in a dictionary context with labeled items as seen in the full textbook page."
27,es,img-27-5,"Un dormitorio elegante con una cama, mesita de noche y alfombra azul.","The image shows a neat and stylish bedroom with a bed, bedside table, and a blue rug. The context page indicates a focus on bedroom items, supporting the relevance of this description."
27,en,img-27-2,"A cartoon character wearing glasses and a blue jacket, standing confidently with hands on hips.","The image shows a cartoon character which relates to the activity on the page about personalizing a bedroom space, possibly representing the person doing the activity."
27,en,img-27-11,A wooden bedside table with open drawers.,"The image displays a small piece of furniture with open drawers, which based on the context is likely a bedside table or nightstand. The context suggests it is part of a bedroom setting."
27,en,img-27-9,A red armchair with a hat on the armrest.,"The image shows a red armchair with a hat, which matches the captioning instructions for the activity described in the textbook page."
27,en,img-27-10,An illustration of a bed with pillows and a blanket.,"The context page is about identifying objects in a bedroom. The image specifically shows a typical bed with sheets and pillows, which corresponds to the 'E' labeled item in the diagram."
20,en,img-20-1,Cartoon character with a cap and long hair.,The image shows a cartoon character wearing a cap. The context from the textbook is about identifying parts of the face and emotions. This character appears as part of the 'Guess the characters' section.
23,en,img-23-4,A two-story detached house with a brown roof and surrounding greenery.,"I noted that the image represents a type of house which matches with the description of house type 'A' in the context page, and chose appropriate elements like structure and setting."
20,es,img-20-1,"Personaje animado con gorra y chaqueta, sonriente.",The main context is identifying facial features as expressions of emotions. The character is likely included for identifying or describing features.
15,es,img-15-2,"Un personaje animado saludando, vistiendo una gorra azul y ropa colorida.","The context provided is related to introducing a classmate and describing classroom differences, with a character used for instructional purposes. The character is animated, friendly, and likely included to engage students."
27,es,img-27-11,Una cómoda de madera con cajones abiertos.,"The image depicts a simple piece of bedroom furniture with multiple drawers, which in context from the textbook page image relates to an object in a room setting."
27,es,img-27-10,Una cama con almohada y cobija.,"The image depicts a bed, which is relevant to the section about bedroom items in the textbook page context. It's associated with bedroom vocabulary, so the caption should describe such a basic item as the bed."
27,es,img-27-9,Sillón rojo con un sombrero en el apoyabrazos.,This image depicts a red armchair with a hat placed on one of its arms. The context suggests it's part of a bedroom or living space setup.
20,en,img-20-2,A cartoon character wearing glasses and smiling.,"The image is a cartoon avatar of a character with features like glasses and a smile, matching the style of other characters on the textbook page."
20,en,img-20-4,"Illustration of a smiling cartoon character used to label facial features such as eyes, hair, and mouth.","The context page explains parts of the face with labels and the related image shows a character illustrating these parts, which helps in identifying facial features used in the learning section."
27,en,img-27-12,A study desk with drawers.,"The image is of a desk, which matches item 'J' in the context page showing various objects in a bedroom dictionary activity. By examining other labeled items, 'J' is identified as a desk or study table, commonly featured in bedroom setups in educational materials for vocabulary acquisition."
27,es,img-27-8,Un cojín naranja con un corazón blanco en el centro.,"The image is a visual component from a picture dictionary about home objects, focusing on comfortable bedroom items. The context suggests simple and direct descriptions suitable for learners."
20,en,img-20-3,Cartoon character with black hair and a white shirt.,"The contextual page contains information about describing facial features and emotions, focusing on a cartoon-style character. The image shows a cartoon character with black hair and a white shirt, likely used for identifying features."
20,es,img-20-2,Personaje de dibujos animados con gafas y una gran sonrisa.,"The image is a cartoon character from the textbook, likely used for illustrative purposes in a lesson about emotions and facial features. This character has distinctive features like glasses. Given the context, the caption should describe these traits in Spanish."
27,es,img-27-7,Un cubo de basura con símbolo de reciclaje.,"Upon examining the textbook page, the image appears to represent a wastebasket. The context suggests it's part of a bedroom item identification activity."
27,es,img-27-12,Un escritorio de madera con cajones azules.,"The object in the image appears to be office furniture, specifically a desk, which aligns with objects typically found in a bedroom as per the textbook context."
30,en,img-30-1,A cartoon avatar with open arms and a welcoming expression.,"This image appears to be a cartoon or a digital avatar of a person with a friendly expression and open arms, matching the character depicted in the contextual textbook page."
30,es,img-30-4,Un dormitorio desordenado con objetos dispersos en el suelo y sobre los muebles.,"The image shows a cluttered bedroom with many items strewn across the floor and furniture, indicating disorder, which matches the context of the page describing a messy room."
30,en,img-30-6,"Illustrations showing a mouse in different positions: next to, in, on, behind, in front of, between, and under objects.","The image consists of cartoon illustrations showing a mouse in various positions relative to objects, useful for teaching prepositions."
30,es,img-30-6,"Una ilustración de un ratón demostrando las preposiciones: al lado de, dentro de, detrás de, entre, sobre, frente a y debajo de varios muebles.","The image is a visual aid for learning prepositions, featuring a cartoon mouse in various positions relative to household items. These illustrations help explain spatial relationships."
20,es,img-20-3,Avatar de un personaje sonriente con cabello corto y oscuro.,I observed that the image depicts a cartoon avatar with features like black hair and smiling expression. The contextual page shows a focus on facial recognition and emotions.
30,es,img-30-1,Ilustración de un personaje con gafas sonriendo y extendiendo los brazos.,"The image shows a cartoon character with dark hair, glasses, wearing a teal jacket and orange shirt, smiling with open arms. Context suggests it's related to an educational theme focusing on room organization."
27,en,img-27-8,An orange cushion with a white heart design sitting on a chair.,The image shows a cushion with a heart design. Context from the textbook page suggests it might relate to bedroom decor.
30,en,img-30-4,"A messy bedroom with clothes, books, and other items scattered around.","Based on the context provided by the full page, the room shown in the image is described as messy, corresponding to the text in the main image. This aligns with the narrative about the sister's untidy bedroom, which is a key part of the exercise."
20,es,img-20-4,"Ilustración de una cara con cabello largo, cejas pronunciadas y una sonrisa amplia.","The image shows a cartoon-like illustration of a face, which matches the learning activity on different facial features as per the context provided. I will refer to the key features highlighted in the text."
