id,page_index,section_id,status,error
sectioneli5-10-0,10,0,enqueued,
sectioneli5-10-1,10,1,enqueued,
sectioneli5-21-0,21,0,enqueued,
sectioneli5-24-0,24,0,enqueued,
sectioneli5-25-0,25,0,enqueued,
sectioneli5-25-1,25,1,enqueued,
sectioneli5-15-0,15,0,enqueued,
sectioneli5-15-1,15,1,enqueued,
sectioneli5-18-0,18,0,enqueued,
sectioneli5-18-1,18,1,enqueued,
sectioneli5-23-0,23,0,enqueued,
sectioneli5-23-1,23,1,enqueued,
sectioneli5-11-0,11,0,enqueued,
sectioneli5-29-0,29,0,enqueued,
sectioneli5-20-0,20,0,enqueued,
sectioneli5-20-1,20,1,enqueued,
sectioneli5-20-2,20,2,enqueued,
sectioneli5-20-3,20,3,enqueued,
sectioneli5-19-0,19,0,enqueued,
sectioneli5-19-1,19,1,enqueued,
sectioneli5-16-0,16,0,enqueued,
sectioneli5-16-1,16,1,enqueued,
sectioneli5-16-2,16,2,enqueued,
sectioneli5-13-0,13,0,enqueued,
sectioneli5-13-1,13,1,enqueued,
sectioneli5-27-0,27,0,enqueued,
sectioneli5-27-1,27,1,enqueued,
sectioneli5-28-0,28,0,enqueued,
sectioneli5-28-1,28,1,enqueued,
sectioneli5-28-2,28,2,enqueued,
sectioneli5-17-0,17,0,enqueued,
sectioneli5-17-1,17,1,enqueued,
sectioneli5-17-2,17,2,enqueued,
sectioneli5-17-3,17,3,enqueued,
sectioneli5-17-4,17,4,enqueued,
sectioneli5-17-5,17,5,enqueued,
sectioneli5-26-0,26,0,enqueued,
sectioneli5-26-1,26,1,enqueued,
sectioneli5-24-0,24,0,success,
sectioneli5-10-0,10,0,success,
sectioneli5-21-0,21,0,success,
sectioneli5-11-0,11,0,success,
sectioneli5-29-0,29,0,success,
sectioneli5-25-1,25,1,success,
sectioneli5-18-1,18,1,success,
sectioneli5-15-0,15,0,success,
sectioneli5-16-1,16,1,success,
sectioneli5-20-1,20,1,success,
sectioneli5-23-1,23,1,success,
sectioneli5-23-0,23,0,success,
sectioneli5-10-1,10,1,success,
sectioneli5-15-1,15,1,success,
sectioneli5-20-2,20,2,success,
sectioneli5-25-0,25,0,success,
sectioneli5-17-0,17,0,success,
sectioneli5-16-0,16,0,success,
sectioneli5-16-2,16,2,success,
sectioneli5-27-0,27,0,success,
sectioneli5-27-1,27,1,success,
sectioneli5-17-2,17,2,success,
sectioneli5-28-2,28,2,success,
sectioneli5-17-3,17,3,success,
sectioneli5-18-0,18,0,success,
sectioneli5-20-0,20,0,success,
sectioneli5-17-1,17,1,success,
sectioneli5-17-4,17,4,success,
sectioneli5-19-0,19,0,success,
sectioneli5-28-1,28,1,success,
sectioneli5-26-1,26,1,success,
sectioneli5-28-0,28,0,success,
sectioneli5-26-0,26,0,success,
sectioneli5-13-1,13,1,success,
sectioneli5-19-1,19,1,success,
sectioneli5-13-0,13,0,success,
sectioneli5-17-5,17,5,success,
sectioneli5-20-3,20,3,success,
