page_index,section_id,status,error
10,0,enqueued,
10,1,enqueued,
12,0,enqueued,
13,0,enqueued,
13,1,enqueued,
13,2,enqueued,
13,3,enqueued,
13,4,enqueued,
13,5,enqueued,
13,6,enqueued,
14,0,enqueued,
14,1,enqueued,
14,2,enqueued,
14,3,enqueued,
14,4,enqueued,
14,5,enqueued,
14,6,enqueued,
15,0,enqueued,
15,1,enqueued,
15,2,enqueued,
15,3,enqueued,
16,0,enqueued,
16,1,enqueued,
17,0,enqueued,
18,0,enqueued,
19,0,enqueued,
19,1,enqueued,
19,2,enqueued,
20,0,enqueued,
20,1,enqueued,
20,2,enqueued,
20,3,enqueued,
20,4,enqueued,
21,0,enqueued,
21,1,enqueued,
22,0,enqueued,
22,1,enqueued,
23,0,enqueued,
23,1,enqueued,
23,2,enqueued,
24,0,enqueued,
24,1,enqueued,
25,0,enqueued,
25,1,enqueued,
25,2,enqueued,
25,3,enqueued,
26,0,enqueued,
26,1,enqueued,
26,2,enqueued,
27,0,enqueued,
27,1,enqueued,
28,0,enqueued,
28,1,enqueued,
29,0,enqueued,
30,0,enqueued,
30,1,enqueued,
10,0,success,
10,1,success,
13,0,success,
13,5,success,
13,1,success,
13,3,success,
13,2,success,
13,4,success,
23,0,success,
17,0,success,
14,2,success,
15,0,success,
14,0,success,
19,1,success,
20,2,success,
15,1,success,
25,1,success,
14,1,success,
15,2,success,
13,6,success,
25,0,success,
15,3,success,
14,3,success,
12,0,success,
27,1,success,
14,4,success,
14,5,success,
30,1,success,
14,6,success,
22,0,success,
25,2,success,
16,1,success,
20,4,success,
18,0,success,
20,0,success,
27,0,success,
26,1,success,
28,0,success,
24,1,success,
29,0,success,
26,2,success,
26,0,success,
22,1,success,
20,3,success,
25,3,success,
24,0,success,
16,0,success,
19,0,success,
20,1,success,
19,2,success,
28,1,success,
21,0,success,
21,1,success,
30,0,success,
23,1,success,
23,2,success,
