id,page_index,section_id,section_type,text,language_code,reasoning
sectioneli5-12-1,12,1,activity_open_ended_answer,"We're looking at pictures called base-ten diagrams. They're like blocks that help us see numbers. Each tall stack is ten, and each small cube is one. We use them to see how many things we have and to help us add or subtract by looking at these blocks.",en,The images show base-ten diagrams which are used to visually understand numbers. This helps children grasp the concept of counting and adding by grouping units to make tens.
sectioneli5-27-0,27,0,text_only,"Today, we're going to learn how to subtract in different ways. When we have a big number, we can break it into smaller, easier parts to take away, just like breaking a cookie into pieces to share with friends. This helps us find the answer faster in our heads!",en,"The goal is to help children understand subtraction by breaking down numbers into simpler parts. By doing this, it is easier to perform calculations mentally."
sectioneli5-16-1,16,1,activity_other,"Let's practice some easy math by subtracting numbers in our heads! Start with small numbers and work up to bigger ones. First, if you have 6 apples and take away 3, you'll have 3 left. Now, imagine you have 66 apples and take away 3, you get 63! Try bigger subtractions like taking 30 or 33 from 66. It's like playing a fun number game with your mind!",en,"The text is a simple math exercise about mentally subtracting numbers. It focuses on performing subtraction without writing it down, which helps in developing mental arithmetic skills."
sectioneli5-24-0,24,0,text_only,"In this math lesson, we're learning how to subtract with bigger numbers, like 14 or 27. Imagine you have ten sticks and some little cubes. Each stick has ten cubes stuck together, so if you see two sticks, that's twenty! When we subtract, it's like taking some sticks or cubes away and seeing what we have left. Let's practice taking these sticks and cubes away using pictures to make it fun and easy to understand!",en,The goal is to help children understand subtraction using tangible visual aids. Showing them can simplify the concept of taking away a number from another.
sectioneli5-24-1,24,1,activity_open_ended_answer,"This activity is about using blocks to count numbers. You see some tall stacks and little blocks. Each stack is like ten blocks put together, and the small blocks are single ones. The idea is to find and count how many tens and ones you see. This helps you understand and work with bigger numbers, just like building with blocks!",en,"The lesson page is about understanding numbers visually with blocks and preparing for subtraction by grouping them. The warm-up encourages spotting groups, which helps in grasping subtraction concepts better."
sectioneli5-21-2,21,2,activity_true_false,"Let's think of the number 64 as building blocks. You have 64 blocks altogether. 

Imagine first having 6 towers of 10 blocks and 4 extra blocks. That's like 60 + 4, and it's correct.

Now, if you try to make it 50 + 14, you have 5 towers of 10 blocks and 14 extra blocks. If you count that, it also adds up to 64, so it's true! 

So, there are different ways to make the number using tens and ones, as long as they still add up to 64.",en,"We are trying to figure out if we can break the number 64 into tens and ones in different ways, and whether these ways are correct."
sectioneli5-25-0,25,0,activity_open_ended_answer,"Let's learn about subtraction! So, if you have 46 blocks and you take away 28, you want to see how many blocks you have left. To find out, you can use real blocks like the kids in the picture. Count and move the blocks to solve the problem. This helps you see the difference in a fun way!",en,"To solve subtraction problems like 46 - 28, it's helpful to use visual aids such as blocks to represent the numbers and see how much is left when you take one number away from another. This makes abstract math concepts more concrete and easier to understand for young learners."
sectioneli5-27-1,27,1,activity_other,"In this lesson, we're learning to do math in our heads using numbers like 10, 20, or 30. When you see something like 18 + 10 + 10, you can think of it as 18 plus two big steps of 10, which makes it easier to figure out. For subtraction, like 38 - 20, you can imagine taking away two big steps of 10 from 38. This helps you see patterns and do math quickly!",en,"The section is meant to help kids practice mental math using multiples of 10, which are easier to add or subtract in your head. By recognizing patterns and using numbers like 10, 20, and 30, it simplifies calculations."
sectioneli5-18-0,18,0,activity_open_ended_answer,"Imagine you have 82 candies, and you need to give 9 away to a friend. To find out how many you have left, you can use blocks or just count down from 82 by 9. So, if you take away 9 blocks or candies from 82, you will see that you're left with 73. That's the answer! Using blocks makes it easier to see the number you're working with.",en,"To solve a subtraction problem like 82 - 9, you can break it down into simpler steps or use visual aids like blocks to represent numbers. This helps in understanding the subtraction process and finding the result easily."
sectioneli5-30-0,30,0,text_and_images,"Andre is figuring out how much is 65 minus 28 by breaking it into smaller, easier steps. He starts by taking 20 away from 65, which is like taking a big chunk, and gets 45. Then, he splits 45 into 30 and 15 to make it easier. Next, he subtracts 8 from 15, getting 7. Finally, he adds 30 and 7 to find the answer, which is 37. It's like breaking a tricky puzzle into little pieces that are easy to solve one by one!",en,The task involves subtraction by breaking down numbers into simpler parts. Andre uses the base-ten method to make the problem easier by first subtracting a round number (20) and then dealing with smaller parts.
sectioneli5-13-0,13,0,text_and_images,"Imagine you're going to the zoo with your friends. Some kids are already on the bus. Then, 34 more kids hop on. Now there are 55 kids on the bus. To find out how many kids were there at first, we take away the 34 kids who got on from the 55 total kids. So, 55 minus 34 equals 21. That means 21 kids were on the bus to start with.",en,"To figure out how many students were on the bus originally, we need to understand that the total number of students now includes both the students who were originally on the bus and the 34 new students who got on later. We know the total is 55, so we work backwards: subtract the 34 new students from 55 to find the original number of students."
sectioneli5-12-0,12,0,text_only,"Today, we are learning how to solve math problems using adding and subtracting. Imagine you have a story where someone gives or takes away things, like toys or snacks. We use adding to find out how many things we have in total, and subtracting to see what's left when some are taken away. The pictures with blocks show us groups of 10s and 1s to help us count better!",en,"The section introduces the concept of addition and subtraction through story problems, encouraging children to visualize and solve problems in a practical context. The diagrams help children understand numbers by showing them in groups, making it easier to comprehend the process of adding or subtracting."
sectioneli5-28-0,28,0,activity_open_ended_answer,"Lin and Clare are solving a math problem using pictures. They are using blocks to show numbers. Lin has a bunch of long blocks to show tens and singles to show ones. Clare has similar blocks, but they look a bit different. They are trying to find the difference between 71 and 56 by taking some away. This helps them see how big numbers are split into parts to make subtracting easier.",en,Lin and Clare are using pictures to help solve a math problem by breaking numbers into parts of ten and ones. The pictures show whether they're using the right steps to handle subtraction with borrowing.
sectioneli5-19-0,19,0,activity_other,"Imagine you have a bunch of blocks. Diego starts with 5 stacks of ten blocks, and 5 single blocks. So, he's got 55 blocks in total. Now, picture taking away 20 blocks from the stacks of ten. How many blocks does Diego have left? You can use blocks to count and see it yourself!",en,"We are explaining how to use base-ten blocks to understand subtraction. This involves visualizing numbers as groups of tens and ones, making it easier for children to grasp subtraction conceptually by physically manipulating the blocks."
sectioneli5-21-1,21,1,activity_true_false,"Let's think about the number 64 like it's a bunch of blocks. You have some bigger blocks worth ten each and some smaller blocks worth one each. If you have six big blocks (that's 60) and four small ones (that's 4), it makes 64 altogether. So, it's true that 64 equals 60 plus 4.",en,"In the number 64, '60' represents six groups of ten and '4' represents four ones. This makes it true that 64 is equal to 60 plus 4."
sectioneli5-16-0,16,0,text_only,Today we're going to have fun playing games that help us get better at adding and subtracting numbers. These games will make practicing math a fun adventure!,en,The text is about a lesson in which children practice basic math skills like adding and subtracting through engaging activities.
sectioneli5-17-0,17,0,text_only,"In this lesson, we're learning how to take away small numbers from bigger numbers. Imagine you have 17 candies and you eat 7. How many do you have left? It's like counting backwards to see how many goodies you still have! This helps us understand how subtraction works and makes us faster at counting.",en,"The lesson focuses on teaching young children how to easily perform subtraction of smaller numbers from larger ones using simple, relatable scenarios, helping them to build fundamental math skills."
sectioneli5-21-0,21,0,foreword,"In this lesson, we're looking at different ways to do subtraction. Imagine you have a big chocolate bar and you want to share it, but you need to take some pieces away first. By using different methods, you can find out the best way to take parts of the chocolate bar away. It's like having different plans to solve the same problem, which helps you understand numbers better!",en,Understanding different subtraction methods helps kids see that there are many ways to break down numbers to make subtraction easier to understand and perform. This builds flexibility in mathematical thinking.
sectioneli5-19-1,19,1,activity_other,"Imagine you have 5 long sticks, each stick is made of 10 tiny blocks. That's what we call 5 tens. Diego decided to take away 2 of those long sticks. If you were drawing this, you’d draw 5 long sticks first, then cross out 2 of them.

Now let's see how many blocks Diego has left: 5 tens (that’s 5 long sticks) - 2 tens (2 sticks) = 3 tens (3 sticks).

So in numbers, it looks like 50 minus 20, which equals 30. Diego now has 3 tens, or 30 blocks left!",en,"To help young children understand subtraction using base-ten blocks, we simplify the idea by using blocks to visually represent numbers, making it easier to see what's happening when you subtract. We explain both drawing the situation and the equation to connect the physical blocks to math."
sectioneli5-29-1,29,1,activity_open_ended_answer,"Lin and Clare are solving math problems using different ways to break down the numbers. Lin might use a way where she subtracts first, and Clare might split the numbers into parts first. Even though they do it differently, both Lin and Clare get the same answer in the end. It's like solving a puzzle with different strategies but still ending up with the right picture.",en,"Lin and Clare use different ways to split and simplify numbers, but they end up with the same final answer. Comparing their methods helps us understand different ways to solve the same problem."
sectioneli5-11-1,11,1,activity_fill_in_the_blank,"Imagine you have 21 toy blocks and you need more to make 96 blocks in total. You have to figure out how many more blocks you need. You can do this by taking away 21 from 96, like counting backwards, to see what's left. This will tell you how many blocks you need to add to get to 96. Then, show your friend how you figured it out!",en,"To solve the equation 21 + _ = 96, we need to figure out what number goes in the blank to make the total equal 96. By subtracting 21 from 96, you can find that missing number."
sectioneli5-20-0,20,0,activity_other,"Imagine you have a group of 8 toy blocks. Diego decides to take them all away. To show this, you could draw a picture of 8 blocks, and then cross them out to show they're gone. 

Now, if you want to write down what happened with numbers, you start with 8, and since Diego took them all away, you do 8 minus 8. The equation looks like this: 8 - 8 = 0, which means there are no blocks left.",en,"To explain this to young children, it's important to use simple language and relatable concepts. The concept here involves basic subtraction and understanding how to represent it visually and numerically."
sectioneli5-14-2,14,2,activity_open_ended_answer,"Imagine you have 88 toy birds. You put 34 of these birds inside a special house. To find out how many birds are outside the house, you count all the birds, take away how many are inside, and that gives you the number outside. So, you do 88 minus 34, and that's how many birds are outside. It's like solving a puzzle to find out where all your birds are!",en,"To find out how many birds are outside, we need to subtract the number inside from the total number of birds. This helps us find out exactly how many birds were placed outside."
sectioneli5-14-1,14,1,activity_open_ended_answer,"Imagine you have 58 candies in one jar and 27 candies in another jar. To find out how many more candies are in the first jar, you subtract the smaller number from the bigger number. So, you take away 27 from 58. This gives you 31 more candies in the first jar. In the problem, 31 more students went to see the bears than the lions.",en,The problem is about comparing two numbers to find the difference. This helps young students understand basic subtraction and comparing quantities to see which is larger or by how much.
sectioneli5-26-0,26,0,activity_other,"Imagine you're playing a game with your friends using blocks to learn about numbers. First, everyone picks a card with a friend's name on it. Then, you start with some blocks that show a number. One by one, you pick cards and listen for your friend's name. Change your blocks based on what the card says. After that, tell your friends what you did with the blocks and why. Then, you write down the new number using a math sentence, like a little story of what happened. Finally, everyone adds up their new numbers together to find out the total. It's like using a puzzle to learn about numbers!",en,"Explaining subtraction with blocks helps kids visualize how numbers change. It engages them in active learning and discussion with their peers, which reinforces understanding of basic addition and subtraction using tangible objects."
sectioneli5-23-0,23,0,activity_open_ended_answer,"Tyler is trying to figure out what 82 minus 9 is. Instead of doing it all at once, he breaks it into smaller parts to make it easier. He splits 82 into 70 and 12, then takes 9 away from 12, which leaves him with 3. When he adds that 3 back to 70, he gets 73. It's like breaking a big puzzle into smaller pieces to solve it easier! We can't decide between Diego's or Elena's diagrams just from this text, but Tyler's way makes sense.",en,"Tyler is breaking down the subtraction problem into smaller, easier steps. First, he splits 82 into 70 and 12, then subtracts 9 from 12, which equals 3. Finally, he adds 3 back to 70 to get 73. This step-by-step method can help us understand his thinking. Without seeing Diego's and Elena's diagrams, we can't say whose it matches more, but Tyler is showing a clear process here."
sectioneli5-30-2,30,2,activity_open_ended_answer,"When we want to find out what 34 minus 18 is, we can think of it like having 34 pieces of candy and taking away 18. To make it easier, we can split 34 into 3 groups of 10 (which is 30) and 4 single candies. Then we take away 18, which is like taking away 1 group of 10 (making 20) and 8 single candies. After taking those away, we count what we have left. This helps us see we have 16 candies left. That’s the answer!",en,The task involves breaking down 34 into tens and ones to help subtract 18 more easily. This visual representation helps kids understand subtraction by looking at everyday counting blocks.
sectioneli5-15-0,15,0,text_and_images,"In this section, we learned how to add and subtract bigger numbers by looking at their parts. Imagine using blocks where some blocks are stacks of ten and others are single ones. 

So, when you subtract 50 - 30, you look at the tens blocks: 5 tens minus 3 tens leaves 2 tens, which is 20. 

Then, for 5 - 4, it's just like subtracting the little ones blocks, leaving 1. 

Finally, add 20 + 1 to get 21. Using these block ideas helps us see how numbers work together.",en,"The section explains using addition and subtraction with two-digit numbers by breaking down the numbers into tens and ones. It uses visual aids like blocks to simplify the concept, showing how subtracting tens and ones separately makes it easier to understand."
sectioneli5-21-3,21,3,activity_true_false,"Imagine 64 as a big pile of blocks. You have blocks that group in tens and single blocks. The number 64 has 6 groups of ten blocks and 4 single blocks. So, when you see 30 + 24, you can count the tens and ones to see if it makes 64. If it doesn’t reach 64, then it’s not quite right.",en,"In this exercise, we break down the number 64 into tens and ones. First, we identify the tens and ones in the number. The number 64 is made up of 60 (which is 6 tens) and 4 (which is 4 ones). The task is to tell if splitting the number another way is correct by seeing if it still adds up to 64."
sectioneli5-17-1,17,1,activity_other,"Let's play a little math game! We're going to take away smaller numbers from bigger ones in our heads. 

First, imagine you have 17 candies and you eat 7. How many candies do you have now? That's right, you have 10 candies left.

Now, if you eat 8 candies instead of 7, how many would you have? You'd have 9 left.

Next, think about having 26 candies. If you eat 6 of them, you'll have 20 candies left.

Finally, if you eat 8 candies from the 26, you'll have 18 candies left.

By practicing this, you get faster and better at doing math in your mind!",en,The task is about practicing mental subtraction with simple numbers. The goal is for kids to comfortably subtract single-digit numbers from two-digit numbers without writing down the calculations.
sectioneli5-14-0,14,0,activity_open_ended_answer,"Imagine you have 65 candies. Then, you give 23 candies away to your friends. To find out how many you still have, you take your 65 candies and subtract the 23 you gave away. So, 65 minus 23 tells us how many candies you keep. 

It's like the monkey house where there were 65 students at first. When 23 left to see the hippos, you subtract 23 from 65 to find out how many are still in the monkey house.",en,The task requires subtraction to find out how many students remain after some have left. We start with the total and subtract the number who left.
sectioneli5-30-1,30,1,activity_open_ended_answer,"Andre used a special way to solve 65 minus 28, like breaking toys into smaller parts to make them easier to count. First, he took away 20 to get 45, broke 45 into 30 and 15, then took 8 from 15 to get 7. Finally, he added 30 and 7 to get 37. This helps make the big number smaller and easier to manage.",en,Andre is using base-ten blocks to break down a subtraction problem. He's making it simpler by separating the numbers in a way that is easier to handle.
sectioneli5-25-1,25,1,activity_open_ended_answer,"This is about finding out how much is left when you take away something from something else. For example, if you have 93 toys and give away 54, how many do you have left? You can use counting blocks to help you see and solve it. It's like playing with pieces to see the answer!",en,The problem is about finding the difference between two numbers using subtraction. Simple visual aids like blocks can help children better understand arithmetic operations by making abstract concepts more tangible.
sectioneli5-29-0,29,0,activity_open_ended_answer,"Lin and Clare are solving math problems by breaking them into smaller parts, a bit like cutting a big pie into pieces so it's easier to eat. 

For the first set:
- They start with 71 and take away 50 to reach 21.
- Then they show how 21 is made of 10 and 11.
- Next, 11 minus 6 equals 5.
- They also show 10 plus 5 equals 15.

For the second set:
- They show 71 as 60 plus 11.
- Again, 11 minus 6 equals 5.
- They break 71 these different ways to do more steps.
- And again, they add 10 plus 5 to make 15. 

Each group is like a different recipe to solve the math problem, so they each showed their thinking in unique ways, but both are right!",en,"To solve this, we need to look at how each person broke down the numbers. Lin might have used one set of steps to break down and calculate, while Clare used another. By comparing each set of equations to understand their strategies, we link them to either Lin or Clare based on their logical flow."
sectioneli5-11-0,11,0,activity_fill_in_the_blank,"Imagine you have some toy blocks to help solve a puzzle. First, Han has 17 blocks, and he wants to find out how many more blocks he needs to get to 48 blocks in total. So, he adds more blocks until he counts and sees 48 blocks altogether.

Next, Mai starts with 48 blocks. She wants to find out how many blocks need to be there to have just 17 left. So, she takes away blocks until she reaches 17 blocks.

This activity helps us see how numbers can be added or taken away to solve problems like a puzzle!",en,"We're teaching kids how to solve simple addition equations using visual aids like blocks. It breaks down the problem into tangible steps. Han sees the need to add more blocks to reach a total of 48, while Mai removes blocks from 48 to find out what's extra when you start from 17. This makes math more relatable and understandable."
sectioneli5-22-0,22,0,activity_open_ended_answer,"Imagine you have some blocks to play with. Diego and Elena are trying to figure out how many blocks are left if they take 9 away from 82.

They both use a special way to show numbers with blocks:
- Diego takes a group of 82 blocks and shows 80 with big sticks (like bundles of 10 blocks) and 12 small blocks. He then takes away 9 of these little blocks.
- Elena also has 82 blocks, but she decides to break them to show 80 as big sticks and 2 small blocks, then she gets more little blocks to help take away 9.

Even though they do it slightly differently, they both find out how many blocks are left after taking away 9.",en,"To explain the subtraction of 9 from 82 using diagrams, Diego and Elena both use base-ten diagrams, which rely on visual representations with 'tens' and 'ones'. The diagrams help break the numbers down into easier parts for subtraction. Diego and Elena approach the problem slightly differently, but they aim to reach the same solution."
