page_index,id,is_meaningful,image_path,reasoning_x,section_id,section_type,language_code,text,reasoning_y
11,img-11-1,True,lu_1_extraction_outputs/images_cropped/11_img-11-1.png,"The images on the textbook page seem to be illustrations used for educational purposes. Considering their context and the layout presented, they can be classified as meaningful as they depict characters and scenarios relevant to the text. Therefore, cropping should mainly remove any extraneous whitespace if present, but none is evident from the provided matplotlib images.",0.0,text_and_images,es,Ilustración de un personaje con cabello negro corto y sudadera azul sonriendo.,"The context suggests this is an illustration of a character used throughout the textbook. This character is involved in conversational activities, likely meant to guide language learning for students. I should describe the appearance of the character."
11,img-11-2,True,lu_1_extraction_outputs/images_cropped/11_img-11-2.png,"The images on the textbook page seem to be illustrations used for educational purposes. Considering their context and the layout presented, they can be classified as meaningful as they depict characters and scenarios relevant to the text. Therefore, cropping should mainly remove any extraneous whitespace if present, but none is evident from the provided matplotlib images.",0.0,text_and_images,es,"Personaje de dibujos animados con gorra con un arcoíris, chaqueta azul y pantalones rosas.","The image features a cartoon character wearing colorful casual clothes with a rainbow on the cap. Based on the context of the textbook page about introductions and greetings, this could be part of a conversational activity."
11,img-11-3,True,lu_1_extraction_outputs/images_cropped/11_img-11-3.png,"The images on the textbook page seem to be illustrations used for educational purposes. Considering their context and the layout presented, they can be classified as meaningful as they depict characters and scenarios relevant to the text. Therefore, cropping should mainly remove any extraneous whitespace if present, but none is evident from the provided matplotlib images.",2.0,text_and_images,es,"Dos personajes animados frente a un edificio escolar, uno llevando una pila de libros y el otro saludando con la mano.","The image shows animated characters in front of a school building, which fits with the context of starting a new school year."
11,img-11-4,True,lu_1_extraction_outputs/images_cropped/11_img-11-4.png,"The images on the textbook page seem to be illustrations used for educational purposes. Considering their context and the layout presented, they can be classified as meaningful as they depict characters and scenarios relevant to the text. Therefore, cropping should mainly remove any extraneous whitespace if present, but none is evident from the provided matplotlib images.",2.0,text_and_images,es,"Grupo de avatares en un aula presentándose con saludos como ""Hello! My name is Ana"", ""Hi! I'm Lua"", ""Hi! I'm Emma"", y ""I'm Nico"".",The image shows a classroom setting with digital avatars introducing themselves with speech bubbles. Context from the page suggests a focus on greetings on the first day of class.
12,img-12-2,True,lu_1_extraction_outputs/images_cropped/12_img-12-2.png,Each image contains distinct characters which are meaningful for educational content. Minimal cropping is required as the characters are centered.,0.0,text_and_images,es,"Ilustración de un personaje con boina roja, gafas y vestimenta formal, sonriendo.","The image shows an illustrated character, possibly a teacher, given the style and context from the page."
12,img-12-3,True,lu_1_extraction_outputs/images_cropped/12_img-12-3.png,Each image contains distinct characters which are meaningful for educational content. Minimal cropping is required as the characters are centered.,0.0,text_and_images,es,Lista de asistencia con marcas para presencia y ausencia de estudiantes.,"This image shows a table indicating the presence ('P') and absence ('A') of students based on the context of a classroom activity. Relevant names match those found within the contextual page, supporting a classroom setting theme."
12,img-12-1,True,lu_1_extraction_outputs/images_cropped/12_img-12-1.png,Each image contains distinct characters which are meaningful for educational content. Minimal cropping is required as the characters are centered.,1.0,activity_open_ended_answer,es,"Una niña con cabello corto negro, sudadera azul y jeans.",The image shows a cartoon character of a girl with short black hair wearing a blue hoodie and jeans. This corresponds to Emma in the context provided.
12,img-12-5,True,lu_1_extraction_outputs/images_cropped/12_img-12-5.png,Each image contains distinct characters which are meaningful for educational content. Minimal cropping is required as the characters are centered.,2.0,activity_open_ended_answer,es,Dibujo de un chico joven con gafas y chaqueta azul.,"The cartoon character from the image is part of an activity in the textbook, focusing on asking personal questions like age. The character is a young boy."
12,img-12-4,True,lu_1_extraction_outputs/images_cropped/12_img-12-4.png,Each image contains distinct characters which are meaningful for educational content. Minimal cropping is required as the characters are centered.,3.0,activity_open_ended_answer,es,"Personaje animado con gorra azul y arcoíris, chaqueta azul y pantalones rosas.",I will provide a descriptive caption based on the appearance in the image. The context indicates it's part of a dialogue activity involving self-introduction and preferences.
13,img-13-1,True,lu_1_extraction_outputs/images_cropped/13_img-13-1.png,"The image with ID img-13-1 depicts a character, which is meaningful as it's related to the educational content. The crop requires no adjustment because there is no minor text to remove.",1.0,text_only,es,"Ilustración de una persona saludando, representando al personaje Nico.","The character introduced in the contextual image is described as Nico, who is introducing himself. This information helps in providing an informative caption."
14,img-14-1,True,lu_1_extraction_outputs/images_cropped/14_img-14-1.png,"The images are small icons relevant to the educational activity, so they are considered meaningful as they assist in understanding the textual content. No cropping of text within these small images is necessary.",0.0,activity_fill_in_the_blank,es,Un dibujo de una escuela roja con un letrero que dice 'SCHOOL'.,"The image is a small cartoon illustration of a school building, which corresponds to the context of filling in information about attending school."
14,img-14-2,True,lu_1_extraction_outputs/images_cropped/14_img-14-2.png,"The images are small icons relevant to the educational activity, so they are considered meaningful as they assist in understanding the textual content. No cropping of text within these small images is necessary.",0.0,activity_fill_in_the_blank,es,Un pastel de cumpleaños con velas.,"The image depicts a cake with candles, which is commonly associated with birthdays. This fits the context of the textbook page focusing on personal information like age."
14,img-14-3,True,lu_1_extraction_outputs/images_cropped/14_img-14-3.png,"The images are small icons relevant to the educational activity, so they are considered meaningful as they assist in understanding the textual content. No cropping of text within these small images is necessary.",0.0,activity_fill_in_the_blank,es,Icono de una casa roja con un techo naranja.,"This is an icon of a house, as it corresponds to the text about living in a place. The image on the worksheet is meant to represent a home or place of residence."
14,img-14-4,True,lu_1_extraction_outputs/images_cropped/14_img-14-4.png,"The images are small icons relevant to the educational activity, so they are considered meaningful as they assist in understanding the textual content. No cropping of text within these small images is necessary.",0.0,activity_fill_in_the_blank,es,"Ilustración de dos padres sonriendo, representando a una pareja.","The image corresponds to the section that talks about 'My parents are' in the context image. It's a simple illustration representing a pair of parents, fitting this context."
14,img-14-5,True,lu_1_extraction_outputs/images_cropped/14_img-14-5.png,"The images are small icons relevant to the educational activity, so they are considered meaningful as they assist in understanding the textual content. No cropping of text within these small images is necessary.",0.0,activity_fill_in_the_blank,es,"Ilustración de una comida con jugo, sándwich y una manzana.","The image is a drawing showing a meal, including a carton of juice, a sandwich, and an apple. It represents food, matching the part of the worksheet about favorite foods."
15,img-15-3,True,lu_1_extraction_outputs/images_cropped/15_img-15-3.png,"Each image is evaluated for its meaningful content. The character images and classroom photos clearly represent educational content, making them meaningful. None of the images contain minor text that needs cropping.",1.0,activity_other,es,"Un salón de clases con escritorios y suministros escolares como mochila, borrador, libro y regla en las mesas.","The image shows a classroom setting with desks and various school supplies like a backpack, an eraser, a book, a ruler, a triangle, and a highlighter, as mentioned in the contextual page."
15,img-15-4,True,lu_1_extraction_outputs/images_cropped/15_img-15-4.png,"Each image is evaluated for its meaningful content. The character images and classroom photos clearly represent educational content, making them meaningful. None of the images contain minor text that needs cropping.",1.0,activity_other,es,"Aula de clase con sillas y mesas, donde se ven una mochila, un libro, un lápiz, y pegamento.","The image depicts a classroom setting with various school items visible like a backpack, book, glue, and a pencil. The context provided suggests this is a typical classroom environment."
16,img-16-1,True,lu_1_extraction_outputs/images_cropped/16_img-16-1.png,"The image 'img-16-1' depicts a scene relevant to the page's context about a guessing game, making it meaningful. There is no minor text overlay to crop in the main image.",0.0,activity_fill_in_a_table,es,Una persona metiendo la mano en una bolsa de plástico negra para adivinar un objeto.,"The main context involves a game where participants guess objects in a bag, using touch. The image shows a hand reaching into a bag, aligning with the described activity."
17,img-17-2,True,lu_1_extraction_outputs/images_cropped/17_img-17-2.png,"Both images contain significant educational content, the first depicting a character commonly used as a communication tool in educational settings, and the second presenting a labeled color palette that could aid learning activities.",0.0,activity_labeling,es,"Una paleta con nombres de colores en inglés, como rojo, amarillo, azul y más.","The image shows a palette diagram with various color names such as red, yellow, blue, etc. This is likely used to help students learn color names as indicated by the English text instructions from the context image."
18,img-18-1,True,lu_1_extraction_outputs/images_cropped/18_img-18-1.png,Images showing classroom scenarios with speech bubbles are meaningful as they provide educational content. Narrow images capturing partial elements like tables or characters may be decorative.,0.0,text_and_images,es,"Dibujos de personajes en un aula con frases: ""¿Puedes esperar un minuto, por favor?"", ""Presta atención, por favor"", ""Copia, por favor"", y ""Escúchame, por favor"".",The image includes cartoon characters with speech bubbles containing phrases used in a classroom setting. The captions should be in Spanish to reflect the communication among these characters in the given context.
18,img-18-3,True,lu_1_extraction_outputs/images_cropped/18_img-18-3.png,Images showing classroom scenarios with speech bubbles are meaningful as they provide educational content. Narrow images capturing partial elements like tables or characters may be decorative.,1.0,text_and_images,es,"Personajes animados en un aula con frases como: ""¿Puedo escribir la fecha?"", ""¿Puedes escribir la fecha, por favor?"", ""¿Puedes venir al tablero, por favor?"", ""¿Has terminado?"", ""Sí, he terminado.""",The image features cartoon characters in a classroom setting with speech bubbles showing typical classroom phrases in English. The task is to provide a caption that describes this scene in Spanish.
20,img-20-4,True,lu_1_extraction_outputs/images_cropped/20_img-20-4.png,"In this case, images 1-4 are full and detailed, while images 5-7 are incomplete or purely decorative. Cropping isn't necessary for meaningful images with well-defined content.",0.0,activity_labeling,es,"Ilustración de una cara con cabello largo, cejas pronunciadas y una sonrisa amplia.","The image shows a cartoon-like illustration of a face, which matches the learning activity on different facial features as per the context provided. I will refer to the key features highlighted in the text."
20,img-20-1,True,lu_1_extraction_outputs/images_cropped/20_img-20-1.png,"In this case, images 1-4 are full and detailed, while images 5-7 are incomplete or purely decorative. Cropping isn't necessary for meaningful images with well-defined content.",1.0,activity_open_ended_answer,es,"Personaje animado con gorra y chaqueta, sonriente.",The main context is identifying facial features as expressions of emotions. The character is likely included for identifying or describing features.
20,img-20-2,True,lu_1_extraction_outputs/images_cropped/20_img-20-2.png,"In this case, images 1-4 are full and detailed, while images 5-7 are incomplete or purely decorative. Cropping isn't necessary for meaningful images with well-defined content.",1.0,activity_open_ended_answer,es,Personaje de dibujos animados con gafas y una gran sonrisa.,"The image is a cartoon character from the textbook, likely used for illustrative purposes in a lesson about emotions and facial features. This character has distinctive features like glasses. Given the context, the caption should describe these traits in Spanish."
20,img-20-3,True,lu_1_extraction_outputs/images_cropped/20_img-20-3.png,"In this case, images 1-4 are full and detailed, while images 5-7 are incomplete or purely decorative. Cropping isn't necessary for meaningful images with well-defined content.",1.0,activity_open_ended_answer,es,Avatar de un personaje sonriente con cabello corto y oscuro.,I observed that the image depicts a cartoon avatar with features like black hair and smiling expression. The contextual page shows a focus on facial recognition and emotions.
21,img-21-1,True,lu_1_extraction_outputs/images_cropped/21_img-21-1.png,The images with facial outlines and descriptions (img-21-1 and img-21-2) are meaningful because they contain specific details about different characters. The text-only image (img-21-3) is meaningful as it provides additional descriptive information for img-21-1.,0.0,text_and_images,es,"Este es un esquema de una cabeza etiquetado como Caroline, con ojos grandes y azules, una nariz pequeña y una boca grande.","The textual description provided below the outline helps in constructing the caption in Spanish. This matches with the descriptors in the context image, which describe Caroline."
21,img-21-2,True,lu_1_extraction_outputs/images_cropped/21_img-21-2.png,The images with facial outlines and descriptions (img-21-1 and img-21-2) are meaningful because they contain specific details about different characters. The text-only image (img-21-3) is meaningful as it provides additional descriptive information for img-21-1.,1.0,text_and_images,es,"Este es Michael. Tiene ojos verdes pequeños, una nariz grande y una boca pequeña. Su cabello es marrón, corto y rizado.","The image depicts a simple line drawing of a head along with descriptive text about a person named Michael. The image part is a visual placeholder, and the descriptive text needs to be translated to Spanish as part of the caption."
23,img-23-1,True,lu_1_extraction_outputs/images_cropped/23_img-23-1.png,"The images represent cartoon-like characters and various houses. They have distinct and complete elements, which make them meaningful for educational purposes within the context of the textbook page.",0.0,activity_other,es,"Ilustración de un personaje sonriente con gafas, saludando con la mano levantada.","Based on the context of the textbook page, the image appears to be an illustration of a character likely used for educational purposes. The character is waving and seems to be friendly and approachable, fitting the context of a learning environment."
23,img-23-2,True,lu_1_extraction_outputs/images_cropped/23_img-23-2.png,"The images represent cartoon-like characters and various houses. They have distinct and complete elements, which make them meaningful for educational purposes within the context of the textbook page.",0.0,activity_other,es,"Dibujo de un personaje con gorra y chaqueta sonriente, representando a un vecino en una actividad escolar sobre tipos de casas.","The image is part of a textbook page discussing different types of houses, indicated by the images and descriptions, including avatars representing different characters."
23,img-23-3,True,lu_1_extraction_outputs/images_cropped/23_img-23-3.png,"The images represent cartoon-like characters and various houses. They have distinct and complete elements, which make them meaningful for educational purposes within the context of the textbook page.",0.0,activity_other,es,"Una caricatura de una persona con cabello negro y corto, sonriendo.","The image is a cartoon representation of a character with black hair. Based on the context of the textbook page, which is about houses, I will describe it as a drawing without assuming any identity."
23,img-23-4,True,lu_1_extraction_outputs/images_cropped/23_img-23-4.png,"The images represent cartoon-like characters and various houses. They have distinct and complete elements, which make them meaningful for educational purposes within the context of the textbook page.",0.0,activity_other,es,Dibujo de una casa suburbana con jardín y cercas.,"The image shows a cartoon-style illustration of a suburban house, as indicated by its design and surroundings. This is the focus labeled as A on the textbook page."
23,img-23-5,True,lu_1_extraction_outputs/images_cropped/23_img-23-5.png,"The images represent cartoon-like characters and various houses. They have distinct and complete elements, which make them meaningful for educational purposes within the context of the textbook page.",0.0,activity_other,es,Ilustración colorida de varios edificios altos.,"The image is a colorful illustration of several tall buildings, which is marked as option C in the context provided. The textbook exercise relates to identifying different types of houses and buildings."
23,img-23-6,True,lu_1_extraction_outputs/images_cropped/23_img-23-6.png,"The images represent cartoon-like characters and various houses. They have distinct and complete elements, which make them meaningful for educational purposes within the context of the textbook page.",0.0,activity_other,es,"Un edificio de apartamentos de varios pisos, caracterizado por su fachada roja y ventanas amarillas.","Based on the context, this image is likely related to a lesson about different types of housing. The building appears to be a multi-story apartment or condominium, which is a common urban dwelling type."
23,img-23-7,True,lu_1_extraction_outputs/images_cropped/23_img-23-7.png,"The images represent cartoon-like characters and various houses. They have distinct and complete elements, which make them meaningful for educational purposes within the context of the textbook page.",0.0,activity_other,es,Una casa con techo amarillo y paredes blancas sobre un césped verde.,The image is part of a larger context regarding different types of houses. The particular illustration shows a house with distinguishable features such as a yellow roof.
23,img-23-8,True,lu_1_extraction_outputs/images_cropped/23_img-23-8.png,"The images represent cartoon-like characters and various houses. They have distinct and complete elements, which make them meaningful for educational purposes within the context of the textbook page.",0.0,activity_other,es,Casas adosadas con fachadas de colores distintos.,The image features terraced houses with distinct architectural styles. They are part of a textbook page discussing various types of homes. The caption should describe this specific style to fit within the exercise context.
24,img-24-1,True,lu_1_extraction_outputs/images_cropped/24_img-24-1.png,"The image 'img-24-1' is a cartoon character, likely used to engage students in the textbook. It is detailed and relevant to the content, making it meaningful. There is no extraneous text to crop from this image, so no adjustment needed.",6.0,activity_labeling,es,"Ilustración de un personaje sonriente con gafas, identificado como Nico.","The image is a cartoon-style illustration of a person. The context suggests it represents someone named Nico, part of a textbook exercise or activity related to finding house parts."
27,img-27-1,True,lu_1_extraction_outputs/images_cropped/27_img-27-1.png,"The images presented are illustrations or photographs relevant to a dictionary or catalog about furniture and room items, and they are meaningful for the context provided. There are no texts to crop.",0.0,activity_other,es,Una vela blanca y flores amarillas sobre una mesa de vidrio en la sala de estar.,"The image features common elements found in a sitting room or living area, which matches the theme of 'My bedroom is my world' from the context, emphasizing personalization. The presence of decor items such as the candle and flowers suggests a focus on comfort and aesthetics."
27,img-27-2,True,lu_1_extraction_outputs/images_cropped/27_img-27-2.png,"The images presented are illustrations or photographs relevant to a dictionary or catalog about furniture and room items, and they are meaningful for the context provided. There are no texts to crop.",1.0,activity_matching,es,"Una ilustración de un personaje animado sonriendo, con las manos en las caderas, usando una chaqueta azul y pantalones azules.","The image is a cartoon character connected to the personal narrative in the textbook, symbolizing a child describing their bedroom."
27,img-27-3,True,lu_1_extraction_outputs/images_cropped/27_img-27-3.png,"The images presented are illustrations or photographs relevant to a dictionary or catalog about furniture and room items, and they are meaningful for the context provided. There are no texts to crop.",1.0,activity_matching,es,Estantería con adornos y objetos personales.,"The image depicts a set of shelves with various items. The context provided refers to a bedroom, so the items are likely personal belongings or decorations."
27,img-27-4,True,lu_1_extraction_outputs/images_cropped/27_img-27-4.png,"The images presented are illustrations or photographs relevant to a dictionary or catalog about furniture and room items, and they are meaningful for the context provided. There are no texts to crop.",1.0,activity_matching,es,Un armario de madera abierto mostrando ropa en su interior.,"The image shows a wardrobe or closet, which fits with the context of 'My bedroom is my world' and is labeled as item 'D' on the textbook page. The primary function of the wardrobe is storage in a bedroom setting."
27,img-27-5,True,lu_1_extraction_outputs/images_cropped/27_img-27-5.png,"The images presented are illustrations or photographs relevant to a dictionary or catalog about furniture and room items, and they are meaningful for the context provided. There are no texts to crop.",1.0,activity_matching,es,"Un dormitorio elegante con una cama, mesita de noche y alfombra azul.","The image shows a neat and stylish bedroom with a bed, bedside table, and a blue rug. The context page indicates a focus on bedroom items, supporting the relevance of this description."
27,img-27-6,True,lu_1_extraction_outputs/images_cropped/27_img-27-6.png,"The images presented are illustrations or photographs relevant to a dictionary or catalog about furniture and room items, and they are meaningful for the context provided. There are no texts to crop.",1.0,activity_matching,es,Una mesita de noche con una lámpara encima.,"The image context from the page indicates a focus on bedroom furniture and objects, matching with others labeled around a soft-themed poem about personal spaces."
27,img-27-7,True,lu_1_extraction_outputs/images_cropped/27_img-27-7.png,"The images presented are illustrations or photographs relevant to a dictionary or catalog about furniture and room items, and they are meaningful for the context provided. There are no texts to crop.",1.0,activity_matching,es,Un cubo de basura con símbolo de reciclaje.,"Upon examining the textbook page, the image appears to represent a wastebasket. The context suggests it's part of a bedroom item identification activity."
27,img-27-8,True,lu_1_extraction_outputs/images_cropped/27_img-27-8.png,"The images presented are illustrations or photographs relevant to a dictionary or catalog about furniture and room items, and they are meaningful for the context provided. There are no texts to crop.",1.0,activity_matching,es,Un cojín naranja con un corazón blanco en el centro.,"The image is a visual component from a picture dictionary about home objects, focusing on comfortable bedroom items. The context suggests simple and direct descriptions suitable for learners."
27,img-27-9,True,lu_1_extraction_outputs/images_cropped/27_img-27-9.png,"The images presented are illustrations or photographs relevant to a dictionary or catalog about furniture and room items, and they are meaningful for the context provided. There are no texts to crop.",1.0,activity_matching,es,Sillón rojo con un sombrero en el apoyabrazos.,This image depicts a red armchair with a hat placed on one of its arms. The context suggests it's part of a bedroom or living space setup.
27,img-27-10,True,lu_1_extraction_outputs/images_cropped/27_img-27-10.png,"The images presented are illustrations or photographs relevant to a dictionary or catalog about furniture and room items, and they are meaningful for the context provided. There are no texts to crop.",1.0,activity_matching,es,Una cama con almohada y cobija.,"The image depicts a bed, which is relevant to the section about bedroom items in the textbook page context. It's associated with bedroom vocabulary, so the caption should describe such a basic item as the bed."
27,img-27-11,True,lu_1_extraction_outputs/images_cropped/27_img-27-11.png,"The images presented are illustrations or photographs relevant to a dictionary or catalog about furniture and room items, and they are meaningful for the context provided. There are no texts to crop.",1.0,activity_matching,es,Una cómoda de madera con cajones abiertos.,"The image depicts a simple piece of bedroom furniture with multiple drawers, which in context from the textbook page image relates to an object in a room setting."
27,img-27-12,True,lu_1_extraction_outputs/images_cropped/27_img-27-12.png,"The images presented are illustrations or photographs relevant to a dictionary or catalog about furniture and room items, and they are meaningful for the context provided. There are no texts to crop.",1.0,activity_matching,es,Un escritorio de madera con cajones azules.,"The object in the image appears to be office furniture, specifically a desk, which aligns with objects typically found in a bedroom as per the textbook context."
30,img-30-4,True,lu_1_extraction_outputs/images_cropped/30_img-30-4.png,"I examined each image to determine if they are meaningful based on their content and context within the page. Images that are detailed and complete, like img-30-1 and img-30-6, are considered meaningful as they show distinct characters or elements. On the other hand, images like img-30-2 and img-30-3, which are awkwardly cropped or only show small elements without context, are not meaningful. For meaningful images, I retained crops that include all relevant elements of the imagery.",0.0,activity_true_false,es,Un dormitorio desordenado con objetos dispersos en el suelo y sobre los muebles.,"The image shows a cluttered bedroom with many items strewn across the floor and furniture, indicating disorder, which matches the context of the page describing a messy room."
30,img-30-6,True,lu_1_extraction_outputs/images_cropped/30_img-30-6.png,"I examined each image to determine if they are meaningful based on their content and context within the page. Images that are detailed and complete, like img-30-1 and img-30-6, are considered meaningful as they show distinct characters or elements. On the other hand, images like img-30-2 and img-30-3, which are awkwardly cropped or only show small elements without context, are not meaningful. For meaningful images, I retained crops that include all relevant elements of the imagery.",1.0,activity_labeling,es,"Una ilustración de un ratón demostrando las preposiciones: al lado de, dentro de, detrás de, entre, sobre, frente a y debajo de varios muebles.","The image is a visual aid for learning prepositions, featuring a cartoon mouse in various positions relative to household items. These illustrations help explain spatial relationships."
30,img-30-1,True,lu_1_extraction_outputs/images_cropped/30_img-30-1.png,"I examined each image to determine if they are meaningful based on their content and context within the page. Images that are detailed and complete, like img-30-1 and img-30-6, are considered meaningful as they show distinct characters or elements. On the other hand, images like img-30-2 and img-30-3, which are awkwardly cropped or only show small elements without context, are not meaningful. For meaningful images, I retained crops that include all relevant elements of the imagery.",2.0,activity_open_ended_answer,es,Ilustración de un personaje con gafas sonriendo y extendiendo los brazos.,"The image shows a cartoon character with dark hair, glasses, wearing a teal jacket and orange shirt, smiling with open arms. Context suggests it's related to an educational theme focusing on room organization."
