id,page_index,section_id,section_type,reasoning,language_code,text,status
sectioneli5-10-0,10,0,activity_other,"The task focuses on identifying and drawing specific places not previously shown in a graphic organizer, encouraging observation skills and creativity. The graphic matching game encourages practicing basic English questions and answers, which is essential for everyday communication.",es,"¡Vamos a divertirnos dibujando y emparejando! Primero, piensa en dos lugares que no se mostraron antes y dibújalos en los grandes cuadros vacíos. Tal vez sea un parque o una escuela, ¡lo que se te ocurra!

Luego, hay un juego de emparejamiento con preguntas y respuestas. Verás algunas preguntas como '¿Cuál es tu nombre?' y respuestas como 'Mi nombre es Pedro.' El objetivo es poner la respuesta correcta con cada pregunta. Esto nos ayuda a practicar y mejorar en decir cosas en inglés, como preguntar sobre el clima o cómo se siente alguien. Si las emparejas todas, ¡buen trabajo! Intenta hacer una pequeña charla con un amigo usando estas preguntas y respuestas. ¡Es como jugar un juego en el que mejoras hablando en inglés!",success
sectioneli5-10-3,10,3,other,We need to simplify the concept of matching questions with answers and learning basic English phrases using relatable examples for kids.,es,"Imagina que estás conociendo nuevos amigos y quieres decir hola y hablar con ellos. Puedes hacer preguntas como ""¿Cómo te llamas?"" o ""¿Cómo estás?"" y practicar diciendo las respuestas como ""Me llamo Peter"" o ""Estoy bien, ¡gracias!"" Esto te ayudará a aprender a hablar fácilmente con amigos y compañeros de clase.",success
sectioneli5-10-1,10,1,activity_matching,"The section is a basic language exercise. It focuses on matching common questions with their appropriate answers, helping learners understand simple conversational English. The visual elements, such as the images of people, help make the exercise more relatable and engaging for children.",es,"Hablar en inglés significa que necesitas saber cómo responder las preguntas que te hacen. Aquí hay algunas preguntas y respuestas fáciles que usamos mucho. ¡Vamos a jugar un juego! Empareja las preguntas con sus respuestas correctas:

1. ""¿Cómo te llamas?"" - Podrías decir, ""Me llamo Peter.""
2. ""¿Quién es él?"" - Podrías responder, ""Ese es John.""
3. ""¿Cómo está el clima?"" - Puedes decir, ""Está nublado y lluvioso.""
4. ""¿Cómo estás?"" - Podrías responder, ""Estoy bien, ¡gracias!""
5. ""¿Qué día es hoy?"" - Podrías responder, ""Es lunes.""

¡Buen trabajo! Ahora puedes usarlas para hablar con amigos.",success
sectioneli5-10-2,10,2,activity_open_ended_answer,"The section focuses on teaching students how to pair questions with appropriate answers, which is an important skill in communication. It encourages practice through roleplay to reinforce learning.",es,"¡Gran trabajo! Ahora, vamos a fingir o ""representar un papel"" y practicar hablando con un amigo. Intenta usar las preguntas y respuestas que combinamos anteriormente. ¡Es una forma divertida de aprender a hacer y responder preguntas entre nosotros!",success
sectioneli5-11-1,11,1,activity_fill_in_the_blank,"The text provides a simple dialogue exercise for children to practice basic English greetings and conversation, using common words like 'hello' and 'good morning.' The images show a friendly school setting to make the scenario relatable.",es,"Nico y Luis están en la escuela, saludándose. Practican palabras simples en inglés como 'hello' y 'good morning'. Hablan sobre cómo se sienten y preguntan por una niña pequeña, que es la hermana de Luis. Ayuda a los niños a aprender cómo saludar y conversar en inglés.",success
sectioneli5-11-3,11,3,other,"The page focuses on a conversation practice about greetings and introductions, useful for children learning how to interact politely and ask about others.",es,"Cuando conoces a alguien nuevo, es agradable decir '¡Hola!' y preguntar '¿Cómo estás?' para saber cómo se sienten. En las imágenes, los niños están saludando y haciéndose preguntas como '¿Quién es este?' para aprender más unos de otros. ¡Esto te ayuda a hacer nuevos amigos y ser educado!",success
sectioneli5-11-0,11,0,text_and_images,"To explain how to greet someone in English, we use a simple conversation that people commonly have when they meet.",es,"Cuando conoces a alguien nuevo, puedes decir ""¡Hola! ¿Cómo estás?"" como cuando saludas a tu amigo en el parque. Ellos podrían responder, ""Estoy bien, ¿y tú?"" Es como verificar si ambos están felices. Entonces, puedes decir, ""Estoy maravilloso. ¡Gracias!"" para mostrar que te sientes genial. ¡Se trata de ser amigable y educado!",success
sectioneli5-11-2,11,2,text_and_images,Focus on explaining the concept of starting a new school year with introductions.,es,"Hoy es el primer día de clases, ¡y todos se están conociendo! La maestra está pasando lista para ver quién está presente, y todos los niños están diciendo sus nombres, como Ana, Lua, Emma y Nico. Es un momento emocionante mientras comienzan a aprender y hacer nuevos amigos.",success
sectioneli5-12-3,12,3,activity_open_ended_answer,I need to explain what a favorite color is and relate it to the person in the image. This involves making the concept of having a favorite color approachable and understandable for young kids.,es,"Esta persona nos está diciendo que su color favorito es el azul. Un color favorito es simplemente el color que más nos gusta. ¿Cuál es tu color favorito? Podría ser cualquier color que veas a tu alrededor, como el verde del césped o el rojo de una manzana.",success
sectioneli5-12-0,12,0,text_and_images,"To explain this classroom scene, we look at how the teacher is checking if everyone is present. This is often done in a classroom setting to make sure all students are there, and it's a routine that kids can relate to.",es,"En un aula, el maestro está verificando si todos están presentes llamando a nombre. Cuando el maestro dice un nombre como 'Luis', el estudiante responde '¡Presente!' para mostrar que está allí. Si alguien no está presente, como Fernando, los otros niños dicen '¡Está ausente, maestro!' Esto ayuda al maestro a saber quién está en clase hoy. También puedes ver una lista que muestra quién está presente y quién no.",success
sectioneli5-12-4,12,4,other,The section is about introducing oneself and getting to know others in a classroom setting. It involves basic social questions and responses that help children interact with peers.,es,"En esta actividad, finges hablar con compañeros de clase como Emma, Nico y Lua. Emma te pregunta tu nombre, para que puedas decirle tu nombre. Nico quiere saber cuántos años tienes. Puedes decirle tu edad. Lua pregunta sobre tu color favorito, y puedes compartir cuál es. ¡Todo se trata de practicar cómo presentarse y hacer amigos!",success
sectioneli5-12-1,12,1,activity_open_ended_answer,"To explain the interaction from the textbook, the focus is on how Emma is introducing herself and asking for the student's name. This helps the student learn about greetings and introductions in English, using visual aids and text to make it engaging.",es,"Esta imagen muestra un personaje llamado Emma. Ella está diciendo, 'Mi nombre es Emma. ¿Cuál es tu nombre?' Es como cuando conoces a alguien nuevo y le dices tu nombre, luego preguntas por el suyo. Es una manera amigable de comenzar a hablar con alguien.",success
sectioneli5-12-2,12,2,activity_open_ended_answer,"The section presents a simple exchange between characters meant to engage young readers in basic conversational practice, focusing on asking and answering questions about age.",es,"En esta sección, un personaje nos dice que tiene 13 años y te pregunta cuántos años tienes. ¡Es una manera amigable de practicar hablar sobre tu edad!",success
sectioneli5-13-1,13,1,text_only,"To explain the text to a young audience, I focused on simplifying the information to basic details about Nico, who is introducing himself.",es,"¡Hola! Hay un chico llamado Nico Romero. Nico tiene 13 años y vive en una ciudad ocupada en Uruguay. Él asiste a una escuela secundaria. Los padres de Nico ya no viven juntos. El nombre de su papá es Ismael, su mamá se llama Teresa y ¡a él le encanta la pizza! La imagen muestra un dibujo de Nico saludando.",success
sectioneli5-13-0,13,0,activity_open_ended_answer,"The section encourages kids to introduce themselves, using a simple structure to talk about basic personal information. The chart provides an example with Emma to guide them in writing about themselves.",es,"Imagina que estás conociendo a nuevos amigos y quieres contarles sobre ti. Puedes decir 'Hola' y luego compartir cosas como tu nombre, como te gusta que te llamen, cuándo es tu cumpleaños, tu color favorito y tu número favorito. Hay un gráfico que muestra un ejemplo de una niña llamada Emma que dice que su color favorito es el rosa y su cumpleaños es el 19 de octubre. ¡Puedes usar esto como guía para hablar de ti mismo!",success
sectioneli5-13-2,13,2,other,"The text requires the reader to introduce themselves using a chart as a guide, similar to an example introduction given by 'Nico'. The goal is to help users structure their self-introduction.",es,"¡Esta actividad es como hacer una divertida presentación sobre ti! Usas un cuadro para llenar cosas como tu nombre, cumpleaños y color favorito. Piensa en ello como contarle a alguien todo sobre ti en unas pocas oraciones, al igual que ""¡Hola! Soy Emma. Puedes llamarme Em. ¡Mi color favorito es rosa!"" Es una manera sencilla de que los demás sepan quién eres.",success
sectioneli5-14-3,14,3,other,The page is designed to help children practice sharing basic information about themselves. It includes prompts to fill in key details and encourages them to talk with a partner to learn about each other.,es,"Esta actividad te ayuda a contarle a otros sobre ti mismo y a aprender sobre tus amigos. Completarás los espacios en blanco con cosas como tu nombre, edad y comida favorita, tal como diciendo '¡Hola! Mi nombre es...'. También enseña cómo decir 'Yo soy' y 'Soy'. Haces esto con un compañero para conocerse mejor.",success
sectioneli5-14-1,14,1,text_only,"To explain contractions, we use simple sentences to show how two words can be combined into one. Using relatable examples makes it easier for children to understand the concept in an engaging way.",es,"Cuando decimos 'Yo soy', estamos diciendo que somos algo, como un estudiante. Pero también podemos hacerlo más corto y decir 'Soy', ¡que significa lo mismo! Es como juntar dos palabras para hacer una pequeña y amistosa palabra que hace el mismo trabajo. ¿Genial, no?",success
sectioneli5-14-0,14,0,activity_fill_in_the_blank,The text is guiding the reader to fill out personal information similar to how Nico did. The images visually represent each piece of information to make the process engaging and easy to understand for young readers.,es,"Vamos a presentarnos como Nico. 

Completa los espacios en blanco con datos divertidos sobre ti:

1. Tu nombre: ¿Cuál es la primera cosa que la gente te llama?
2. Tu apellido: ¿Qué apellido tienen otras personas en tu familia?
3. ¿Cuántos años tienes ahora mismo? Hay un dibujo de un pastel de cumpleaños para recordarnos los cumpleaños.
4. ¿Dónde vives? Imagina tu casa donde comes, duermes y juegas.
5. ¿A qué escuela vas? Hay un dibujo de un edificio escolar para ayudarte a pensar.
6. ¿Quiénes son tus padres? Son las personas que te cuidan, como en el dibujo.
7. ¿Cuál es tu comida favorita? ¿Es algo delicioso como en el dibujo de los aperitivos?

¡Es una forma divertida de contarles a los demás sobre ti!",success
sectioneli5-14-2,14,2,activity_open_ended_answer,The task encourages social interaction among students by asking them to gather basic personal information about each other. It helps build communication skills in a fun and straightforward way.,es,"¡Esta actividad se trata de hacer amigos! Busca a un compañero y hazle algunas preguntas divertidas. Puedes preguntarles su nombre, cómo les gusta que los llamen como apodo, cuándo es su cumpleaños, su color favorito y su número favorito. ¡Es como un pequeño juego para saber más el uno del otro!",success
sectioneli5-15-0,15,0,activity_fill_in_the_blank,"The text and activities provided are intended to guide children in introducing their classmates. By filling in simple details about a classmate, children can learn how to share information in a structured way. The images, showing differences in classroom settings, add an observational fun element, teaching children to notice small details.",es,"Imagina que tienes un nuevo amigo en clase y quieres que todos lo conozcan. Puedes decirle a la clase el nombre de tu amigo, su color favorito y cuándo es su cumpleaños. Esto ayuda a que tus compañeros lo conozcan mejor. También hay dos imágenes de un aula donde buscas cambios. Una goma de borrar podría estar en una mesa en una imagen y en una silla en otra. ¡Es como un juego para encontrar lo que es diferente!",success
sectioneli5-15-2,15,2,other,"To explain these activities to young children, I can break down each part in a simple and engaging way, relating to their everyday activities, like introducing friends and finding differences in pictures.",es,"¡Esta actividad es como un juego divertido! Primero, puedes presentar a tu amigo a todos, como contando sobre su color o número favorito. Luego, hay un juego de buscar las diferencias donde miras dos imágenes de un aula para ver qué ha cambiado. Es como cuando notas algo diferente en tu habitación después de regresar de jugar.",success
sectioneli5-15-1,15,1,activity_other,"The task involves observing differences between two images of a classroom setup after different subjects. By highlighting a specific difference, it makes it relatable for young kids to understand the concept of spotting changes.",es,"Mira estas dos fotos de nuestro salón de clases. Una es después de la clase de Matemáticas y la otra después de la clase de Inglés. ¿Puedes notar qué es diferente? En la primera foto, el borrador está sobre la mesa, pero en la segunda foto, está sobre la silla. ¡Es como un juego divertido de encontrar pequeños cambios!",success
sectioneli5-16-0,16,0,activity_fill_in_a_table,The goal is to guess what's inside the bag by feeling the objects and sharing descriptions. This encourages teamwork and imagination among students.,es,"¡Vamos a jugar un juego divertido! Tenemos una bolsa con algunos objetos sorpresa dentro. Una persona de cada grupo tocará un objeto en la bolsa sin mirar y le dirá a todos los demás cómo cree que es. Pueden decir cosas como 'Es grande' o 'Se siente como una fruta'. ¡Todos intentan adivinar qué objeto es! Después de adivinar, escriban los nombres de los objetos que su grupo y el otro grupo adivinaron. ¡Se trata de divertirse y usar la imaginación!",success
sectioneli5-16-1,16,1,other,"To explain the activity in an easy and fun way for children, focus on making it a playful experience. Children can relate well to games, so framing it in simple terms with clear instructions will make it engaging.",es,"¡Juguemos un juego de adivinanzas! Hay una bolsa con objetos misteriosos adentro. Una persona de tu equipo irá al frente para sentir un objeto sin mirar. Lo describirán al grupo diciendo si es grande, pequeño, o tal vez una fruta. Tu grupo adivinará qué es. ¡Diviértete e intenta adivinar todos los objetos! Luego escribe lo que cada grupo adivinó.",success
sectioneli5-17-3,17,3,activity_open_ended_answer,The task is to help children understand how to associate colors with objects and create simple sentences based on those associations.,es,"¡Aquí tienes cómo hacer frases divertidas sobre colores! Primero, observa diferentes objetos a tu alrededor y mira de qué colores son. Por ejemplo, si ves una manzana, nota que es roja. Luego, haz una frase simple diciendo: ""La manzana es roja."" De esta manera, aprendes a asociar los colores con lo que ves.",success
sectioneli5-17-5,17,5,other,"The activity is designed to help children learn colors by matching them with names, identifying objects, and using the information to form simple sentences. It encourages interactive learning through questions about colors.",es,"¡Veamos los colores! Primero, necesitas hacer coincidir los colores con sus nombres en la paleta, como rosa, rojo o amarillo. Luego, encuentra cosas a tu alrededor que tengan esos colores, como una manzana roja. Intenta hacer oraciones, como 'La manzana es roja'. Finalmente, juega con un amigo haciendo preguntas como, '¿De qué color es la manzana?' y respondiendo, '¡Es roja!' Es una forma divertida de aprender los colores mirando y hablando sobre ellos.",success
sectioneli5-17-0,17,0,activity_labeling,"The task is to help kids identify colors and match them with objects. It involves recognizing different colors and making associations with everyday items, thereby enhancing their understanding and vocabulary.",es,"¡Juguemos un juego con los colores! Imagina que los colores son como un gran arcoíris. Hay colores como el rojo, amarillo, verde y azul. Puedes encontrar estos colores a tu alrededor. Rojo como una manzana, amarillo como el sol y verde como la hierba. Intenta emparejar estos colores con cosas que ves todos los días. ¡Es divertido y te ayuda a aprender cómo se ven estos colores!",success
sectioneli5-17-2,17,2,activity_open_ended_answer,"To help young kids learn about colors, the activity involves matching colors with objects they know in real life. This makes it fun and easy to remember each color by associating it with familiar things.",es,"¡Juguemos un juego divertido sobre los colores! Encuentra algo a tu alrededor que coincida con cada color en la imagen. Por ejemplo, si ves el color rojo, ¡piensa en una manzana! ¿Puedes encontrar otras cosas para colores como verde, azul o amarillo?",success
sectioneli5-17-1,17,1,activity_matching,"The exercise is designed to help recognize colors and match them with their names, which is a basic skill for young learners.",es,"¡Juguemos un juego de colores! Tienes una imagen con manchas de diferentes colores y una lista de nombres de colores. Tu tarea es emparejar cada mancha de color con su nombre correcto. ¡Piensa en ello como encontrar el color adecuado para cada crayón en una caja de crayones!

Por ejemplo, tienes rojo, amarillo, gris, marrón, verde, blanco, azul, azul claro, negro, naranja, violeta y rosa. Mira una mancha y di de qué color es de la lista. ¡Es como una forma divertida de aprender tus colores!",success
sectioneli5-17-4,17,4,activity_open_ended_answer,"The instructions and layout suggest an interactive lesson on colors. By matching colors with objects, children learn color recognition and basic question-answer skills. Visual aids like color palettes help reinforce learning.",es,"¡Aprendamos sobre los colores! 
1. Observa diferentes colores, como rojo, amarillo y azul.
2. Puedes relacionar estos colores con objetos, como una manzana es roja.
3. Practica con un amigo preguntando, ""¿De qué color es la manzana?"" y respondiendo, ""Es roja."" 
¡Es una manera divertida de aprender colores juntos!",success
sectioneli5-18-3,18,3,other,The text and images focus on useful classroom phrases. These phrases are important for helping kids understand and follow instructions in class.,es,"En esta imagen, tenemos algunas palabras y frases importantes que los profesores y estudiantes utilizan en clase. Por ejemplo, un profesor podría decir: 'Presten atención, por favor,' para pedir a todos que escuchen con atención. O un estudiante podría preguntar: '¿Puedo escribir la fecha?' para ayudar con la escritura en el tablero. ¡Usar estas palabras ayuda a que todos sepan qué hacer en la escuela y hace que aprender sea divertido y fácil!",success
sectioneli5-18-2,18,2,activity_other,"The section is about helping students understand and use common classroom phrases through examples, allowing them to practice communication in a classroom setting.",es,"En un aula, usamos ciertas frases para que todos sepan qué hacer. Por ejemplo, cuando un maestro dice: '¿Puedes escribir la fecha, por favor?', están pidiendo a alguien que escriba la fecha de hoy en la pizarra. Otras frases como 'Presten atención, por favor', significan que el maestro quiere que todos escuchen con atención. Estas frases ayudan a todos a entender y seguir lo que está sucediendo en clase. Es como usar palabras especiales que nos ayudan a trabajar y aprender juntos.",success
sectioneli5-18-0,18,0,text_and_images,The section aims to teach kids simple phrases that are commonly used in classrooms to help facilitate communication and learning.,es,"En un aula, los maestros y los estudiantes utilizan ciertas frases de cortesía para hablar entre sí. Por ejemplo, si un maestro quiere que todos se detengan por un momento, podría decir: ""¿Puedes esperar un minuto, por favor?"" Si quieren que todos se centren en lo que están diciendo, podrían decir: ""Escúchenme, por favor"" o ""Presten atención, por favor."" Y, a veces, les piden a los estudiantes que ""Copien, por favor"" cuando necesitan escribir algo. Estas frases ayudan a todos a entender qué hacer y facilitan el aprendizaje.",success
sectioneli5-18-1,18,1,text_and_images,The section provides simple classroom phrases used for communication between teachers and students. These are important for young students to understand and use in class to facilitate learning and interaction.,es,"En clase, es posible que escuche a profesores y estudiantes decir cosas para ayudar a todos a saber qué hacer. Por ejemplo:

- ""¿Puedo escribir la fecha?"" Esto se pregunta cuando alguien quiere escribir la fecha en la pizarra.
- ""¿Puedes escribir la fecha, por favor?"" El profesor puede pedirle a un estudiante que escriba la fecha.
- ""¿Puedes venir a la pizarra, por favor?"" El profesor pide a un estudiante que venga al frente de la clase.
- ""¿Has terminado?"" Esto se pregunta para saber si alguien ha terminado su trabajo.
- ""Sí. He terminado."" El estudiante responde cuando ha completado su tarea.

¡Estas son frases útiles para usar y entender en la escuela!",success
sectioneli5-20-1,20,1,activity_open_ended_answer,The text and images suggest an activity where children use descriptions to identify or recreate characters' faces. This helps develop observational skills and understanding of facial features.,es,Tenemos dos nuevos amigos en la escuela llamados Carolina y Miguel. Puedes leer sobre cómo se ven y luego intentar dibujar sus caras. Las fotos de ellos pueden ayudarte a adivinar quiénes son. Es una forma divertida de aprender sobre sus características.,success
sectioneli5-20-0,20,0,activity_labeling,"The section is about recognizing the features on a face. It lists common facial features like eyes, nose, mouth, etc., and describes variations, which helps in identifying emotions and personal traits.",es,"Nuestras caras tienen diferentes partes, como los ojos, la nariz, la boca, el cabello, los dientes y las cejas. Cada parte puede verse un poco diferente, como tener ojos grandes o pequeños, o cabello largo o corto. ¡Estas diferencias ayudan a mostrar cómo nos sentimos y quiénes somos!",success
sectioneli5-20-2,20,2,other,"This is a simple introduction to identifying facial features and understanding how they can express emotions. The key elements focus on recognizing and describing parts of the face, which helps in drawing or identifying characters based on descriptions.",es,"Podemos saber lo que alguien siente al mirar su cara. Hay diferentes partes en la cara como los ojos, nariz, boca, cabello y cejas. Cada parte puede mostrar cómo se siente alguien. Por ejemplo, una gran sonrisa podría significar felicidad. También puedes describir tu propia cara hablando de estas partes, como diciendo que tienes ojos grandes o una nariz pequeña. ¡Es divertido adivinar quién es alguien por la forma en que se ve su cara!",success
sectioneli5-21-3,21,3,other,I will describe Caroline and Michael's physical features and then explain the activity related to describing oneself.,es,"Hay dos personas, Caroline y Michael. Caroline tiene ojos azules grandes, una nariz pequeña y una boca grande. Su cabello es rubio, largo y lacio. Michael tiene ojos verdes pequeños, una nariz grande y una boca pequeña. Su cabello es marrón, corto y rizado.

La actividad consiste en mirarse en un espejo, dibujar o pegar una foto de uno mismo y luego describir cómo se ve uno.",success
sectioneli5-21-0,21,0,text_and_images,"To simplify the description for a child, I will focus on the key features highlighted about Caroline, breaking down the individual parts of her appearance in a very straightforward manner. This involves recognizing her eyes, nose, mouth, and hair, and describing these features using simple language that a child can easily understand. I'll also use the visual prompt as a reference point to make this clear and relatable.",es,"Esta es Caroline. Tiene grandes ojos azules que parecen el cielo. Su nariz es pequeña, como un botón, y tiene una gran sonrisa. Su cabello es como un sol dorado, largo y liso, como una línea recta.",success
sectioneli5-21-2,21,2,activity_open_ended_answer,"The task encourages self-awareness and observation skills for children, making it simple by relating to looking in a mirror and describing oneself just as descriptions for Caroline and Michael are given.",es,"Imagina que estás mirando un espejo y ves tu propio rostro. Al igual que Caroline y Michael tienen diferentes características, piensa en lo que te hace único. Puedes dibujar tu cara o pegar una foto tuya en el espejo. Luego, intenta describir cómo te ves, tal como los ejemplos dados. ¡Es una forma divertida de aprender más sobre ti mismo!",success
sectioneli5-21-1,21,1,text_and_images,"The explanation focuses on describing someone in simple terms, using easily understood comparisons. The text can help children understand basic physical descriptors.",es,"Esto es sobre un niño llamado Michael. Tiene ojos verdes pequeños como guisantes, una nariz grande como la trompa de un elefante y una boca pequeña como un botón. Su cabello es marrón, corto y rizado como el pelaje de un osito de peluche.",success
sectioneli5-22-0,22,0,foreword,"The text outlines learning goals for a unit, focusing on personal topics like home and clothing. Simplifying it for a child involves breaking down tasks into relatable activities like identifying rooms and discussing favorite toys.",es,"En esta unidad, ¡vamos a aprender cosas divertidas sobre nosotros mismos! Vamos a averiguar diferentes tipos de casas y aprender cómo se llama cada habitación. Hablaremos de cómo sería nuestro dormitorio de ensueño y señalaremos lo que hay en un dormitorio. ¡También vamos a hacer un diccionario ilustrado genial con nuevas palabras! Vamos a charlar sobre nuestros juguetes favoritos de cuando éramos pequeños y aprender sobre diferentes tipos de ropa para el verano y el invierno. ¡Incluso podemos hablar sobre cómo se ve nuestra ropa y decir cuáles nos gustan más!",success
sectioneli5-23-1,23,1,other,The section aims to familiarize children with different types of houses by providing visuals and encouraging them to listen and match descriptions to house styles.,es,"En esta actividad, vemos imágenes de diferentes casas, como las de un vecindario. Cada casa se ve única, como una pieza de rompecabezas de donde vive la gente. La parte divertida es escuchar descripciones y luego averiguar qué imagen coincide con esa descripción. ¡Es como un juego para aprender sobre dónde podría vivir la gente y cómo son sus hogares!",success
sectioneli5-23-0,23,0,activity_other,"To create a simplified explanation, I focus on translating the task described in the text and images into a playful, easy-to-understand concept for young children. The ELI5 approach uses relatable language and encourages engagement by turning the task into a guessing game.",es,"Esta página nos muestra imágenes de diferentes casas. ¡Es como un juego divertido! Tienes que escuchar a la gente hablando sobre las casas y luego adivinar a qué casa se refieren escribiendo la letra correcta. ¡Es como una búsqueda del tesoro, pero con casas! ¿Puedes averiguar de qué casa está hablando cada hablante?",success
sectioneli5-24-5,24,5,activity_open_ended_answer,"The task is to help children identify which description matches the fifth house. By breaking down the provided information into simple parts, young children can relate to features like colors, and recognize familiar rooms such as bedrooms, kitchen, and living room.",es,"La quinta casa de la que estamos hablando no es solo una casa, sino un gran edificio con muchos pequeños apartamentos dentro. Estos apartamentos están pintados en muchos colores diferentes, y el más alto es naranja con un techo verde.

Dentro de cada apartamento, hay dos dormitorios donde la gente duerme, una cocina donde se prepara la comida, un baño y una pequeña sala de estar donde las personas se reúnen. Sin embargo, no hay un balcón para salir afuera, ni una gran comedor para comer. Es un lugar acogedor, pero no muy grande. ¡Piénsalo como muchas pequeñas casas dentro de un edificio alto!",success
sectioneli5-24-0,24,0,text_only,"To provide a simple explanation, I focused on describing the different types of houses and apartments in a way that highlights their key features and differences. This involves simplifying complex structures into relatable concepts a child can understand, such as colors and number of floors.",es,"Esta sección habla sobre los diferentes lugares donde viven las personas, como casas y apartamentos.

1. **Casa 1**: Es pequeña, con un solo piso, paredes blancas y un techo amarillo. Tiene un dormitorio, una cocina y un baño. También hay un jardín.

2. **Casa 2**: Es una casa más grande con dos pisos. En la planta baja, hay una cocina, comedor, sala de estar y baño. En el piso de arriba, hay tres dormitorios y un baño.

3. **Edificio 3**: Este es un edificio alto con cinco pisos, y hay diez apartamentos. Cada apartamento tiene dos dormitorios, una cocina, sala de estar y baño.

4. **Casa 4**: Está conectada a otra casa, de dos pisos de altura. Abajo hay una cocina, comedor, sala de estar; arriba hay tres dormitorios grandes, un estudio y un baño. Tiene un ático y un balcón.

5. **Bloque de apartamentos**: El edificio más alto es naranja con un techo verde. Los apartamentos son de diferentes tamaños y colores. Tienen dos dormitorios, una cocina, un baño y una sala de estar, pero no tienen balcón ni comedor.",success
sectioneli5-24-3,24,3,text_only,"The goal is to explain a description of a building with straightforward language and relatable concepts for children. By breaking down the description into each part of the building, the information becomes more accessible and understandable.",es,"Imagina un edificio muy alto con cinco pisos. Cada piso tiene apartamentos donde la gente puede vivir. En cada apartamento, hay dos dormitorios donde la gente duerme, una cocina para cocinar comida deliciosa, una sala de estar para relajarse y jugar, y un baño para asearse. Además, hay un espacio llamado garaje donde se puede aparcar un coche.",success
sectioneli5-24-7,24,7,activity_open_ended_answer,"The section provides questions related to different types of houses, focusing on the features and descriptions that distinguish them. This helps children identify key characteristics of houses from descriptions given in previous sections.",es,"¡Recordemos lo que aprendimos sobre los apartamentos! El edificio más alto es naranja, y su techo es verde. Todos los apartamentos no son iguales porque vienen en diferentes alturas y colores. Los apartamentos son pequeños. Cada apartamento tiene dos dormitorios, pero no tienen balcón ni comedor.",success
sectioneli5-24-1,24,1,text_only,"The goal is to describe a simple house setup so a young child can easily understand its basic features like size, color, and the number of rooms. Focusing on relatable terms helps achieve this.",es,"Imagina una casita que es como una pequeña caja acogedora. Solo tiene un piso como tu habitación sin escaleras. Las paredes exteriores son blancas como nubes esponjosas y el techo es amarillo brillante como el sol. Dentro de la casa, hay un dormitorio para dormir, una cocina pequeña para cocinar y un baño para bañarse. ¡Además, hay un jardín donde puedes jugar o cultivar flores!",success
sectioneli5-24-8,24,8,other,"The section provides descriptions of different types of houses and asks questions about features of a specific house. The aim is to help students identify and understand housing characteristics, encouraging observation and comprehension skills.",es,"En esta sección, hablamos sobre diferentes tipos de casas y apartamentos. Cada uno es único, con diferentes colores, habitaciones y tamaños. Por ejemplo, algunos edificios son altos y coloridos, mientras que otros son pequeños y se ven diferentes. Tenemos que pensar en cuántos dormitorios hay, si hay un jardín o un balcón, y de qué color es el techo. Es como jugar un juego donde coincides con pistas para encontrar las descripciones correctas de las casas. ¡Veamos si puedes averiguar qué casa es cuál observando los detalles!",success
sectioneli5-24-6,24,6,activity_labeling,"The task is to help Nico identify six parts of an apartment described in a passage. The passage highlights different living spaces within an apartment, and readers need to recognize them. By breaking down the description and using Nico as a guide, the task becomes relatable and clear for young children.",es,"¡Hola, pequeño! Hay una historia sobre diferentes casas, y nuestro amigo Nico necesita nuestra ayuda. En uno de los edificios, hay apartamentos diminutos y necesitamos encontrar seis partes dentro de ellos. Pensemos en cada apartamento como un rompecabezas con piezas como dormitorios, una cocina, un baño y una sala de estar. Pero recuerda, no hay balcón ni comedor en estos pequeños apartamentos. ¡Ayudemos a Nico a encontrar todas estas piezas juntos!",success
sectioneli5-24-2,24,2,text_only,"To make the description child-friendly, I explain each part of the house using simple terms and analogies that are easily understandable for a young child, ensuring clarity.",es,"Esta casa se encuentra sola y tiene dos niveles como dos bloques de juguete apilados. En el nivel inferior, o planta baja, hay un lugar para cocinar comidas deliciosas llamado cocina, una habitación donde se come llamada comedor, un lugar para sentarse y relajarse llamado sala de estar, y un baño. En la planta superior, hay tres lugares para dormir llamados dormitorios y otro baño. También hay un lugar especial para el coche llamado garaje.",success
sectioneli5-24-4,24,4,text_only,The text describes a semi-detached house. Simplifying involves breaking down the features into easy-to-understand parts for a young child.,es,"Imagina una casa que es como dos casas pegadas, compartiendo una pared en el medio. Esta casa tiene dos niveles. Abajo, hay una cocina para cocinar, un comedor para comer y una sala para relajarse. Arriba, hay tres grandes lugares para dormir, un cuarto donde se puede hacer tarea y un baño extra. En la parte superior, hay un pequeño espacio llamado ático, y afuera, hay un lugar para pararse llamado balcón.",success
sectioneli5-25-3,25,3,other,The task is about linking room descriptions with their names and helps understand what each room in a house is for. Using specific objects and actions makes it easy to identify each room.,es,"Emma está aprendiendo sobre las diferentes habitaciones de una casa. Cada habitación tiene un uso especial:
- La **cocina** es donde está la nevera y se puede cocinar.
- El **dormitorio** tiene una cama para dormir.
- El **baño** es donde encuentras una ducha y un inodoro.
- La **sala de estar** tiene sofás y una televisión.
- El **comedor** es donde están la mesa y las sillas para comer.
- El **balcón** te permite ver la calle y el vecindario. ¡Estos te ayudan a saber qué ocurre en cada habitación!",success
sectioneli5-25-2,25,2,activity_other,The section is about learning the different parts of a house and connecting them to what you do in each room. The bubble map is a visual tool to help understand how these parts fit together and relate to descriptions.,es,"Emma está aprendiendo los nombres de diferentes habitaciones en una casa y lo que hacemos en cada una. Por ejemplo, dónde cocinamos o dormimos. Un mapa de burbujas ayuda a organizar visualmente esta información. Muestra cómo diferentes habitaciones están conectadas según lo que sucede en ellas, como cocinar en la cocina o dormir en el dormitorio. Puedes hacer tu propio mapa de burbujas para mostrar qué habitaciones diferentes hay en tu casa.",success
sectioneli5-25-1,25,1,activity_matching,The goal is to help kids learn and match parts of a house with their functions and names by using relatable objects and activities found in each room.,es,"Emma está aprendiendo sobre las diferentes partes de una casa y lo que hacemos en cada una. ¡Vamos a ayudarla a emparejarlas!

1. **Cocina**: Esta es la habitación donde hay un frigorífico y puedes cocinar comida.
2. **Sala de estar**: Aquí encontrarás sofás, y es donde puedes ver la televisión.
3. **Dormitorio**: Este es el lugar donde hay una cama y vas a dormir.
4. **Baño**: En esta habitación, hay una ducha y un inodoro, y puedes cepillarte los dientes.
5. **Balcón**: Desde aquí, puedes ver la calle y tu vecindario afuera.
6. **Comedor**: Este es el lugar donde hay una mesa y sillas, perfecto para comer.",success
sectioneli5-25-0,25,0,activity_open_ended_answer,I identified that the lesson is about helping children understand how to describe different rooms in a house by providing definitions and matching them with their purposes.,es,"Imagina describir tu casa como si estuvieras contando una historia sobre diferentes lugares especiales. Cada habitación de tu casa tiene una función. Por ejemplo:

- La cocina es donde encuentras una nevera y cocinas comida deliciosa.
- El dormitorio es donde tienes tu cama y duermes por la noche.
- El baño tiene una ducha y es el lugar para cepillarte los dientes.
- La sala de estar es cómoda con sofás para ver televisión.
- El comedor es para comer, por lo que tiene una mesa y sillas.
- El balcón te permite ver la calle y el vecindario.

Piensa en esto cuando hables de tu casa, ¡y si quieres, incluso puedes dibujar un dibujo!",success
sectioneli5-26-3,26,3,other,"The task involves drawing and describing the interior of a house, using specific vocabulary from examples and a provided list.",es,"Piensa en tu hogar como si fuera un gran rompecabezas con diferentes habitaciones. Primero, dibuja un dibujo del interior de tu casa, como donde comes, duermes y juegas. Usa palabras como 'cocina' para donde cocinas y 'dormitorio' para donde duermes. Luego, describe cada habitación usando estas palabras y otras que has aprendido. ¡Es como contar una historia sobre tu casa!",success
sectioneli5-26-2,26,2,other,The text is asking students to describe their house using specific words as a learning activity. It encourages creativity and use of vocabulary.,es,"Imagina que estás contando a un amigo sobre tu casa, dibujando un dibujo de ella y usando palabras especiales para describir las diferentes habitaciones. Estas palabras podrían ser 'cocina', 'dormitorio' o 'jardín', que te ayudan a explicar cómo se ve tu casa. ¡Es como una mezcla divertida de dibujar y compartir tus partes favoritas de tu hogar!",success
sectioneli5-26-1,26,1,activity_open_ended_answer,The task focuses on describing a house using a specific vocabulary. This helps in building language skills by identifying and naming different parts of a house.,es,"¡Imagina que tu casa es como una gran caja del tesoro con diferentes habitaciones como tesoros! Puedes describir estos tesoros como tu dormitorio, sala de estar o cocina usando palabras especiales. Piensa en ello como contar una historia sobre dónde vives, usando palabras de una lista especial, como 'dormitorio,' 'jardín' o 'garaje.' ¡Esto ayuda a que todos sepan exactamente cómo es tu casa!",success
sectioneli5-26-0,26,0,activity_open_ended_answer,The section is about helping kids describe and visualize their home in a fun way by drawing and using words related to different parts of a house. The idea is to encourage vocabulary use while making the activity engaging and personal.,es,"¡Imagina si tu casa fuera un dibujo divertido! Puedes dibujar el interior de tu hogar y usar palabras especiales para hablar de él. Hay palabras como 'cocina', 'sala de estar', 'patio trasero' y más. Intenta describir cada habitación usando estas palabras para contarle a alguien sobre tu hogar.",success
sectioneli5-27-0,27,0,activity_other,"The text is about creating a picture dictionary to help learn new words. It involves finding pictures for new words and regularly updating this learning tool. The sitting room image is a part of this learning process, showing an example of an environment or place description.",es,"¡Aprender nuevas palabras puede ser divertido! Puedes hacer un libro especial llamado diccionario de imágenes. Así es como funciona: primero, piensa en palabras nuevas y encuentra imágenes que muestren lo que significan esas palabras. Como una imagen de una sala de estar con flores y una vela. Luego, pega las imágenes en el libro y escribe la palabra al lado. ¡Haz esto a menudo para aprender muchas palabras nuevas!",success
sectioneli5-27-1,27,1,activity_matching,"The text describes a bedroom and encourages linking objects to their names, while the images show different pieces of furniture and items that could be found in a bedroom. The task involves recognizing and matching each item to its correct name, aiding in learning vocabulary related to bedroom objects.",es,"Tu dormitorio es como tu lugar especial donde te sientes cómodo y feliz. Esta habitación es muy acogedora con paredes blancas y una cama individual. Hay muchas cosas dentro, como lugares para guardar tu ropa o sitios para sentarte y leer. La idea es asociar cada cosa que ves con su nombre, como un juego, para aprender sobre tu propio pequeño mundo.",success
sectioneli5-27-2,27,2,other,"The text is about creating a picture dictionary and appreciating personal spaces, using a bedroom as an example. The images show various items that can be found in a bedroom, which students can use to learn object names.",es,"Imagina que tu habitación es como tu pequeño mundo. Tienes cosas especiales en ella como una cama, una silla y un armario. Mirando fotos de estas cosas, puedes aprender cómo se llaman. Es como hacer un libro de imágenes con todas las cosas que te gustan de tu habitación.",success
sectioneli5-28-1,28,1,activity_open_ended_answer,"The text is about different sizes of beds and describing items in a bedroom. The image helps kids visualize different furniture items, encouraging them to think about their own room’s contents.",es,"En una habitación, hay diferentes tipos de camas como las pequeñas llamadas 'twin' y las más grandes llamadas 'king'. Piensa en lo que tienes en tu habitación. ¿Tienes una cama, una silla o un escritorio? ¡Intenta describir estas cosas, como cómo se ven o de qué color son!",success
sectioneli5-28-2,28,2,other,The page lists different furniture items commonly found in a bedroom. The purpose is to help students learn English vocabulary related to bedroom furnishings and encourage them to describe their own room using these words.,es,"Hablemos de los muebles del dormitorio. Estas son cosas que podrías encontrar en tu habitación, como estanterías para libros, una cómoda para ropa o una mesa de noche al lado de tu cama. Las camas pueden tener diferentes tamaños como individual o king. Piensa en lo que tienes en tu habitación y descríbelo usando estas palabras.",success
sectioneli5-28-0,28,0,activity_matching,"The list and images from the section represent common items found in a bedroom. Explaining this to a child involves describing what these items do and where you might find them in a bedroom setting, making it easier for them to understand the purpose and placement of these items.",es,"En un dormitorio, hay muchas cosas diferentes que puedes encontrar. Podrías ver **estantes** donde pones tus libros y juguetes, una **cómoda** donde guardas tu ropa, y un **cesto de papel** para tirar cosas que no necesitas.

También hay muebles como un **sillón** para sentarse, una **mesita de noche** para una lámpara o tu cuento antes de dormir, y un **escritorio** donde podrías hacer tus dibujos o tareas. En el suelo, podría haber una **alfombra** que se siente suave en tus pies.

Un **armario** es un gran guardarropa para tu ropa. Podrías dormir en una **cama individual**, que es una cama pequeña solo para ti.

Y hay **cojines**, como pequeñas almohadas, que hacen que todo sea aún más cómodo. ¡Todo esto ayuda a que tu dormitorio sea un lugar acogedor para estar!",success
sectioneli5-29-0,29,0,activity_open_ended_answer,"The section prompts kids to reflect on their personal experiences with toys, encouraging sharing and discussion to enhance social skills and memory recall.",es,"Piensa en cuando eras pequeño. ¿Tenías un juguete que amabas mucho? ¿Todavía conservas ese juguete, tal vez en tu habitación? ¡Encuentra un amigo y háblale sobre tus juguetes favoritos!",success
sectioneli5-29-1,29,1,activity_multiple_choice,"We need to understand the story's focus and main characters to simplify it for young children. By highlighting that the story is about toys, we make it relatable and easy to grasp.",es,"Vamos a ver un avance de una película de dibujos animados y pensar en qué trata la película. Tienes que adivinar si la película trata principalmente de un niño, una ciudad o juguetes. Es como un juego divertido para adivinar qué nos está contando realmente la historia de la película. Pista: ¡Presta atención a los juguetes en el tráiler!",success
sectioneli5-29-3,29,3,activity_sorting,"The task involves picking out common items that might be found in a typical child's room based on a list provided. This encourages thinking about what a child's room generally contains, engaging students in a practical activity related to a familiar setting.",es,"En la habitación de Andy, piensa en todas las cosas que podrías encontrar. Al igual que en la habitación de un niño, podría haber cosas como una cama, juguetes, una lámpara o una computadora. ¡Intenta imaginar lo que Andy tiene en su habitación y elige de una lista de artículos. Es como jugar a un juego de adivinanzas sobre la habitación de otra persona!",success
sectioneli5-29-4,29,4,activity_other,The section is guiding students to watch a movie trailer and identify objects in a character's room. It encourages observation and attention to detail by matching objects they see with a given list.,es,"Tu maestro te mostrará un pequeño adelanto de una película. Es como ver una mini versión antes de la película real. Presta mucha atención y mira si puedes encontrar cosas en la habitación de Andy, como juguetes o muebles de una lista. Luego, verifica si los adivinaste correctamente. ¡Es una forma divertida de ver cuánto notaste!",success
sectioneli5-29-6,29,6,other,The section involves reflecting on past experiences with toys and watching an animated movie trailer to understand its setting and characters. The activities focus on engaging kids by relating to their personal experiences and observations from the movie.,es,"Imagina que tienes un juguete favorito de cuando eras pequeño. ¿Todavía lo tienes en tu habitación? Ahora, vamos a ver un divertido tráiler de una película de dibujos animados donde la historia trata de juguetes. Los personajes principales son los propios juguetes, y viven en una habitación llena de diferentes objetos como un armario, una computadora y libros. ¿Puedes imaginar qué juguetes podría tener Andy y qué más puedes encontrar en la habitación? ¡Explorémos juntos qué cosas únicas cuelgan en las paredes también!",success
sectioneli5-29-2,29,2,activity_multiple_choice,"The section is introducing an activity with an animated movie trailer. It focuses on determining who the main characters are, offering children simple options to choose from.",es,"Vamos a ver un pequeño adelanto, como un vistazo, de una película de dibujos animados. En esta película, tenemos que averiguar de quién trata principalmente la historia. ¿Crees que se trata de perros juguetones, juguetes coloridos o niños ocupados? ¡Es como un juego de adivinanzas divertido!",success
sectioneli5-29-5,29,5,activity_open_ended_answer,The section involves working in groups to watch a video and answer questions about what is seen in a boy named Andy's room. The questions are about identifying objects and details from the video.,es,"¡Trabajemos juntos en pequeños equipos! Vamos a ver un video sobre la habitación de Andy y buscaremos respuestas a algunas preguntas divertidas. Necesitamos verificar si hay un cubo con muñecas, ver de qué color es la manta de Andy, contar el número de camas, encontrar qué juguetes de animales tiene Andy, notar si la ventana está al lado de la puerta y observar otras cosas que cuelgan en las paredes. ¡Es como una pequeña búsqueda del tesoro en una película!",success
sectioneli5-30-1,30,1,activity_labeling,"The goal is to simplify the spatial prepositions using the imagery provided. The visuals of the mouse illustrate where it is relative to various objects, making it easy for children to comprehend how these words describe positions.",es,"¡Hablemos sobre dónde están las cosas! Podemos describir ubicaciones usando palabras especiales y un ratón amigable puede ayudarnos.

- **Dentro de**: El ratón está dentro de la caja. Es como cuando estás en una habitación.
- **Al lado de**: El ratón está al lado del televisor. Es como cuando te sientas junto a tu amigo.
- **Encima de**: El ratón está sentado en la mesa. Imagina poner un libro sobre tu escritorio.
- **Detrás de**: El ratón está en la parte trasera del sofá. Piensa en cuando te escondes detrás de una puerta.
- **Delante de**: El ratón está delante del televisor. Como estar delante de un espejo.
- **Entre**: El ratón está en el medio de dos libros. Como la mermelada entre dos rebanadas de pan en un sándwich.
- **Debajo de**: El ratón está debajo de la mesa. ¡Recuerda cuando te arrastras debajo de una manta!",success
sectioneli5-30-2,30,2,activity_open_ended_answer,The task is to help children use their imagination to think about what they want in their perfect bedroom. Images and simple instructions can guide them to consider different aspects of room design.,es,"¡Imagina tu dormitorio perfecto! Puede ser como tú quieras. Piensa en dónde te gustaría tener tu cama, juguetes y libros. Tal vez te gustaría una silla cómoda o un lugar especial para tus cosas favoritas. Usa tu imaginación y describe cada pequeño detalle para crear el dormitorio con el que sueñas.",success
sectioneli5-30-0,30,0,activity_true_false,"To simplify and explain the scene, we need to relate the descriptions to the image of a messy room. Based on the photo, some items are correctly placed according to the descriptions, like the notebook and the black book.",es,"La imagen muestra una habitación desordenada, y el padre está molesto porque es difícil encontrar cosas. En la habitación, hay un cuaderno en el escritorio y un libro negro escondido debajo de otro libro, lo cual es correcto. Pero también hay conjeturas sobre otras cosas, como un basurero o un juguete, que no son correctas cuando las comparas con la imagen.",success
sectioneli5-30-3,30,3,other,"The text is about a messy room and checking where things are placed. Descriptions include positional words like 'on', 'under', and 'next to'. Images show an untidy room and examples of positioning.",es,"Imagina un dormitorio realmente desordenado donde las cosas están por todas partes, como juguetes en el suelo y libros en el escritorio. La imagen nos ayuda a notar dónde están las cosas usando palabras como 'encima' para algo que está sobre, 'debajo' para algo que está abajo, y 'al lado de' para algo al lado de otro. Es como jugar un juego de encontrar dónde están colocadas las cosas, como el cuaderno que está en el escritorio.",success
